"reefName","cotsPerTowMean","cotsPerTowMedian","cotsPerTowMax","nObs","x","y","train"
"(Big) Broadhurst Reef (No 1) (18-100a)",0.0375173981751929,0.0257189971275577,0.127659574468085,8,147.74226379,-18.90699196,TRUE
"(Little) Broadhurst Reef (18-106)",5.06961370970304,0.102889082462253,55.5873015873016,14,147.69447327,-18.95594597,TRUE
"Abrahams Reef (22-093)",3.69653172234524,1.25844806007509,12.2692307692308,4,152.48748779,-22.10082817,TRUE
"Adelaide Reef (17-042)",0.196547410151427,0.0224215246636771,1.2,8,146.47129822,-17.65380287,TRUE
"Agincourt Reefs (No 1) (15-099c)",0,0,0,28,145.86737061,-16.05204773,TRUE
"Agincourt Reefs (No 2a) (15-099b)",0,0,0,6,145.85093689,-16.01783371,TRUE
"Agincourt Reefs (No 2b) (15-099e)",0,0,0,6,145.85839844,-16.03013229,TRUE
"Agincourt Reefs (No 3) (15-099a)",0.0351170568561873,0,0.456521739130435,13,145.83221436,-15.98979378,FALSE
"Agincourt Reefs (No 4) (15-096)",0,0,0,14,145.82078552,-15.94987965,TRUE
"Agincourt Reefs (No 5) (15-099d)",0,0,0,6,145.83525085,-16.03521538,FALSE
"Andersen Reef (15-090)",0,0,0,10,145.80323792,-15.78924942,TRUE
"Arc Reef (18-070)",3.83116883116883,1.09090909090909,13.1428571428571,4,147.44549561,-18.49704361,TRUE
"Arlington Reef (16-064)",0.0363645597605996,0,0.423280423280423,18,146.05477905,-16.69470215,TRUE
"Ashmore Banks (No 1) (11-237a)",0,0,0,10,143.62936401,-11.88521671,TRUE
"Ashmore Banks (No 2) (11-237b)",0,0,0,10,143.70982361,-11.88003635,TRUE
"Ashmore Banks (No 3) (11-237c)",0.0307692307692308,0,0.307692307692308,10,143.68823242,-11.92658424,TRUE
"Bacchi Reef (21-495)",0.0194307608100712,0,0.0689655172413793,6,152.38877869,-21.63401604,TRUE
"Backnumbers Reef (18-069a)",0.0311667510302938,0.0186915887850467,0.0961538461538462,5,147.14831543,-18.50876045,TRUE
"Bait Reef (19-137)",0.0412842428912716,0.0184453227931489,0.224489795918367,16,149.07359314,-19.80712891,TRUE
"Banfield Reef (North) (18-105a)",1.28411342964152,0.0714285714285714,6.09523809523809,5,147.89686584,-18.9248848,TRUE
"Banfield Reef (South) (18-105b)",0.358461538461538,0,1.69230769230769,5,147.90930176,-18.93882942,FALSE
"Barnett Patches (18-019)",0.00389264727563924,0.00216645444255801,0.0122699386503067,8,146.85308838,-18.06010437,TRUE
"Batt Reef (16-029)",0.0653704500757484,0.0137629645150186,0.231707317073171,10,145.76745605,-16.41407585,TRUE
"Beaver Reef (17-051)",0.160479747545204,0,2.3448275862069,17,146.4835968,-17.84960938,TRUE
"Ben Reef (20-113)",0,0,0,23,150.32034302,-20.0068779,TRUE
"Bird Islands Reef (North) (11-167)",0,0,0,4,143.08876038,-11.77057457,TRUE
"Block Reef (19-127)",0.0571767849734908,0.0452337583485124,0.125581395348837,4,149.3734436,-19.69941521,TRUE
"Border Island Reef (No 1) (20-067a)",0,0,0,13,149.02896118,-20.16838264,TRUE
"Boulder Reef (15-012)",0.119686680766391,0,1.48148148148148,26,145.43144226,-15.41388798,TRUE
"Boult Reef (23-079)",0.0585409289142693,0.024390243902439,0.538461538461538,13,152.27194214,-23.75748634,TRUE
"Bowden Reef (19-019)",0.317666365974117,0.025974025974026,4.21428571428571,27,147.92767334,-19.03274727,TRUE
"Bowl Reef (18-080)",0,0,0,6,147.53889465,-18.49941254,TRUE
"Bramble Reef (18-029)",0.324300113522196,0,2.0887573964497,12,146.7061615,-18.4081955,TRUE
"Breaking Patches (16-042)",0,0,0,8,145.98020935,-16.58157539,TRUE
"Briggs Reef (16-074)",0.0072463768115942,0,0.0434782608695652,6,146.20672607,-16.93803215,TRUE
"Briggs Reef (No 1) (20-299d)",0.119791666666667,0.0555555555555556,0.5,8,150.45161438,-20.68408012,FALSE
"Britomart Reef (18-024)",1.26194248525437,0.000834724540901503,9.83703703703704,8,146.72647095,-18.22864151,TRUE
"Broomfield Reef (23-048)",0,0,0,30,151.94029236,-23.26951599,FALSE
"Cairns Reef (15-086)",0.0840531561461794,0,0.588372093023256,7,145.50866699,-15.67227173,TRUE
"Cannan Reef (20-144)",0.075098814229249,0,0.826086956521739,11,150.15145874,-20.48106194,TRUE
"Carter Reef (14-137)",0.000452488687782805,0,0.0117647058823529,26,145.58898926,-14.54767418,TRUE
"Castor Reef (19-025)",0.010334849111203,0.00847457627118644,0.024390243902439,4,148.34069824,-19.01529503,FALSE
"Celebration Reef (13-041)",0.0272750082522892,0.0185185185185185,0.0833333333333333,7,143.69355774,-13.27611446,TRUE
"Centipede Reef (18-088)",0.167161996866433,0.0149253731343284,1.82456140350877,17,147.54231262,-18.72175407,TRUE
"Central Reef (21-577)",0.0435267857142857,0.015625,0.142857142857143,4,152.5219574,-21.92190361,FALSE
"Charity Reef (19-047)",2.23548625075719,0,15.7567567567568,14,148.33796692,-19.36690331,TRUE
"Chesterman Reef (22-090)",2.14040616246499,2.07352941176471,4.23809523809524,4,152.42874146,-22.04010582,TRUE
"Chicken Reef (18-086)",0.311281160102858,0,3.95744680851064,34,147.71723938,-18.64651299,TRUE
"Chinaman Reef (16-024)",0.153232042313364,0,1.88,15,145.79154968,-16.21309662,TRUE
"Chinaman Reef (22-102)",2.11522058151594,0.075,37.2222222222222,31,152.65826416,-22.0051918,TRUE
"Circular Quay Reef (19-134)",0.263447951539555,0.05,0.866666666666667,5,149.48550415,-19.74379349,TRUE
"Clack Reef (14-017)",0.41225491253358,0.11864406779661,2.03125,11,144.24232483,-14.06813049,FALSE
"Coates Reef (17-011)",0.0858202558131686,0,0.783132530120482,10,146.36857605,-17.19708824,TRUE
"Coil Reef (18-046)",0,0,0,5,147.5223999,-18.43486214,TRUE
"Conder Reef (19-219)",0.0319122968065255,0.0158730158730159,0.130434782608696,9,150.19985962,-19.92139053,TRUE
"Corbett Reef (14-016)",0.0380952380952381,0,0.228571428571429,6,144.11610413,-13.97915649,TRUE
"Crab Reef (19-177)",0,0,0,6,149.70863342,-19.7245388,TRUE
"Creal Reef (20-297)",0.0464285714285714,0,0.476190476190476,15,150.38142395,-20.53423691,TRUE
"Credlin Reefs (East) (20-287)",0.383513486259447,0,7.16326530612245,26,149.95120239,-20.54021454,TRUE
"Creech Reef (North) (13-118a)",0.00274348422496571,0,0.0246913580246914,9,144.10391235,-13.62558937,TRUE
"Crescent Reef (14-082)",0,0,0,4,145.08926392,-14.4156599,TRUE
"Curd Reef (12-102)",0.288256625393722,0.032258064516129,2.68,11,143.54925537,-12.58115005,TRUE
"Darley Reef (19-043)",0.00664096239580593,0.00188679245283019,0.0246305418719212,6,148.18327332,-19.19681931,TRUE
"Davie Reef (13-130)",0.15978354978355,0,2.52380952380952,16,144.45483398,-13.97737408,TRUE
"Davies Reef (18-096)",0.179356211479377,0.027027027027027,2.28260869565217,33,147.64483643,-18.8224926,TRUE
"Day Reef (14-089)",0.0178571428571429,0,0.0714285714285714,4,145.53677368,-14.49668884,TRUE
"Detour Reef (21-514)",0.0353862031368245,0.0231754161331626,0.107142857142857,6,152.414505,-21.76066017,TRUE
"Dicks Reef (22-141)",0.315086276005816,0.0689655172413793,1.6969696969697,9,152.66279602,-22.30785561,TRUE
"Dip Reef (18-039)",0.190251572327044,0,4.56603773584906,24,147.44873047,-18.41375351,TRUE
"Duncan Reef (18-020)",0.00274725274725275,0,0.010989010989011,4,146.78665161,-18.08373451,FALSE
"East Cay Reef (21-305)",0.0524330495134732,0,0.522388059701492,25,152.56459045,-21.48348045,FALSE
"Eddy Reef (17-047)",0.0290633612619712,0,0.160919540229885,12,146.43510437,-17.77425957,TRUE
"Edgell Reefs (No 5) (20-112)",0,0,0,7,149.93690491,-20.13447762,TRUE
"Egret Reef (15-013)",0.13246237889095,0,2.02040816326531,16,145.41749573,-15.47411537,TRUE
"Elford Reef (16-073)",0.0183637694170763,0,0.142857142857143,10,146.24856567,-16.9116478,TRUE
"Elizabeth Reef (19-082)",0.150144195275009,0,1.41860465116279,10,149.04302979,-19.32583809,TRUE
"Ellison Reef (17-044)",0.213900411557869,0,2.69491525423729,14,146.39360046,-17.72225189,TRUE
"Emily Reef (15-082)",0.747482123839951,0.0119047619047619,3.64217252396166,5,145.62632751,-15.60594273,TRUE
"Emperor Reef (21-538)",0.012949749940462,0,0.0430769230769231,5,152.44381714,-21.8837204,TRUE
"Endeavour Reef (15-089)",0.255329419439008,0,1.52054794520548,6,145.58180237,-15.77656364,TRUE
"Erskine Reef (23-068)",0.00092678405931418,0,0.0120481927710843,13,151.77363586,-23.50185394,TRUE
"Escape Reef (15-094)",0,0,0,10,145.79629517,-15.87716198,TRUE
"Euston Reef (16-063)",0.0125,0,0.0625,5,146.25227356,-16.68704605,TRUE
"Evening Reef (15-095)",0.191975795320573,0.02,2.30459770114943,17,145.65682983,-15.90518665,TRUE
"Eye Reef (14-134)",0.407692307692308,0,4.30769230769231,11,145.47799683,-14.89468002,TRUE
"Eyrie Reef (14-118)",0.100893087041992,0.0224719101123595,0.850746268656716,17,145.3792572,-14.71065998,TRUE
"Fairey Reef (No 1) (19-109a)",0.0124318658280922,0,0.0566037735849057,5,148.94335938,-19.53862,TRUE
"Fairfax Islands Reef (23-081)",0.194488022313606,0.0203318995759739,1.16216216216216,14,152.36096191,-23.86657143,TRUE
"Faith Reef (19-044)",0.684384324382336,0.0317540322580645,8.71052631578947,22,148.349823,-19.27865601,TRUE
"Fantome (Eumilli) Island Reef (18-053)",0,0,0,8,146.51159668,-18.67670441,TRUE
"Faraday Reef (18-041)",0.210144927536232,0,1,6,147.34922791,-18.42234421,TRUE
"Farquharson Reef (No 1) (17-063a)",0.18255724061124,0,1.73,13,146.51689148,-17.79090881,TRUE
"Feather Reef (17-034)",0.256264555962224,0,5.32608695652174,28,146.37722778,-17.5328598,TRUE
"Fife Reef (13-081)",0,0,0,4,143.73074341,-13.65333939,TRUE
"Fitzroy Island Reef (No 1) (16-054a)",0.00430289739500266,0,0.03125,19,145.99356079,-16.92498398,TRUE
"Fitzroy Island Reef (No 2) (16-054b)",0,0,0,5,145.98471069,-16.93302727,TRUE
"Fitzroy Reef (23-077)",0.0890635982557845,0.0262582056892779,0.5,15,152.14743042,-23.63306427,TRUE
"Flora Reef (17-010)",0.192034966090673,0,1.42222222222222,16,146.29089355,-17.1848011,TRUE
"Fly Reef (14-109)",0.0301333708145927,0.0208333333333333,0.0869565217391304,8,145.15846252,-14.50730419,TRUE
"Flynn Reef (16-065)",0,0,0,11,146.27462769,-16.72874832,TRUE
"Forbes Islands Reef (12-016b)",0.388092966916496,0.411764705882353,0.6,5,143.40895081,-12.29255772,TRUE
"Fore And Aft Reef (18-043)",0.323458462553633,0.0177165354330709,4.33333333333333,19,147.03765869,-18.50482941,TRUE
"Fork Reef (18-083)",0.0653396109936935,0,0.529411764705882,13,147.55445862,-18.6082859,TRUE
"Forrester Reef (15-009)",0.32582868708821,0.0214374482187241,2.08219178082192,18,145.49612427,-15.16672802,TRUE
"Frigate Reef (21-511)",0.187926473271301,0.037037037037037,1.10344827586207,7,152.42849731,-21.73435974,TRUE
"Gannett Cay Reef (21-556)",3.51352028938566,0.375,54.3333333333333,31,152.47738647,-21.98163605,TRUE
"Gater Reef (22-130)",2.90018939393939,0.645833333333333,10.3090909090909,4,152.69818115,-22.17048645,TRUE
"Gibson Reef (17-017)",0.0617560347746271,0,0.318181818181818,11,146.35955811,-17.30199242,TRUE
"Gilbey Reef (17-057)",1.17843311983298,0.0606382978723404,6.06666666666667,8,146.57826233,-17.58052826,TRUE
"Glow Reef (18-071)",1.74787878787879,0,4.8,5,147.40255737,-18.52807808,TRUE
"Green Island Reef (16-049)",0.0186766959618077,0,0.301724137931034,31,145.99865723,-16.76707268,TRUE
"Grub Reef (18-077)",0.861024350918205,0.0233062330623306,7.01408450704225,16,147.42596436,-18.62554359,TRUE
"Hall-Thompson Reef (17-037)",0.0155260977630489,0.00392156862745098,0.0666666666666667,5,146.45721436,-17.60943413,TRUE
"Hardy Reef (19-135)",0.123611609193501,0.0075187969924812,1.66165413533835,21,149.23330688,-19.76042366,TRUE
"Harrier Reef (15-025)",0,0,0,7,145.69720459,-15.13665295,FALSE
"Hastings Reef (16-057)",0.0283809047327529,0,0.304,31,146.00813293,-16.51843643,TRUE
"Havannah Reef (18-065)",0,0,0,18,146.53756714,-18.84302711,TRUE
"Hayman Island Reef (20-014)",0.00350877192982456,0,0.0666666666666667,19,148.89082336,-20.06110573,TRUE
"Hedley Reef (17-014)",0.0364587966442164,0,0.314553990610329,16,146.48373413,-17.22857094,TRUE
"Helix Reef (18-076)",1.09953644840008,0,16.45,22,147.2984314,-18.62459183,FALSE
"Helsdon Reef (14-135)",0.391734344354574,0.0235587583148559,4.74496644295302,20,145.48800659,-14.93945408,TRUE
"Heron Reef (23-052a)",0.027614232264025,0.0305298308967713,0.050682261208577,8,151.97113037,-23.44615173,TRUE
"Hicks Reef (14-086)",0.00130208333333333,0,0.0078125,6,145.4821167,-14.45256233,TRUE
"Hilder Reef (14-085)",0,0,0,10,145.41036987,-14.44501114,TRUE
"Hixson Cay Reef (22-145)",3.05,0.1,12,4,152.73062134,-22.34350204,TRUE
"Holbourne Island Reef (No 1) (19-103a)",0,0,0,6,148.35734558,-19.72500038,TRUE
"Hook Reef (19-136a)",0,0,0,5,149.18539429,-19.79242516,TRUE
"Hope Reef (16-058)",0,0,0,5,146.12957764,-16.52711296,TRUE
"Hope Reef (19-046)",0.204714640198511,0,0.615384615384615,6,148.43589783,-19.32163239,TRUE
"Hopkinson Reef (18-073)",2.44574841925383,0.0210615891926391,18.921568627451,12,147.19277954,-18.55063438,TRUE
"Horseshoe Reef (No 1) (22-104a)",2.1478227176412,0.44047619047619,15.6533333333333,25,152.58039856,-22.04248619,TRUE
"Hoskyn Islands Reef (23-080)",0.0129291061190596,0,0.111111111111111,17,152.28726196,-23.8077755,TRUE
"Houghton Reef (14-094)",0,0,0,4,144.97320557,-14.52409172,TRUE
"Howard Patch (No 1) (22-148a)",15.0909090909091,0.272727272727273,59.8181818181818,4,152.59686279,-22.3952713,TRUE
"Howard Patch (No 2) (22-148b)",4.76422764227642,0.195121951219512,18.6666666666667,4,152.65293884,-22.3807354,TRUE
"Howie Reef (17-018a)",0.0636782972733737,0.0203735144312394,0.247311827956989,8,146.38508606,-17.39389038,TRUE
"Hutchison Reef (17-043c)",0,0,0,4,146.16906738,-17.67407036,TRUE
"Hyde Reef (19-207)",0.00277777777777778,0,0.0666666666666667,24,150.08551025,-19.75622559,TRUE
"Ingram-Beanley Reef (14-064)",0.0366681968216495,0.0317391304347826,0.0769230769230769,6,144.88970947,-14.42552853,TRUE
"Irene Reef (15-084)",0.274255486321028,0.0184210526315789,1.68181818181818,13,145.71505737,-15.64757061,TRUE
"Jacqueline Reef (19-061)",0.0126986055544466,0,0.0645161290322581,9,148.90376282,-19.21391678,TRUE
"Jaguar Reef (18-120)",0.0104104104104104,0,0.0666666666666667,9,148.42677307,-18.9756794,TRUE
"Jenkins Reef (21-584)",0.651649474408095,0.0256410256410256,5.57333333333333,9,152.59945679,-21.95517349,TRUE
"Jessie-Kent Reef (17-043a)",0,0,0,5,146.17663574,-17.67463112,TRUE
"Jewell Reef (14-079)",0.00135869565217391,0,0.00543478260869565,4,145.35128784,-14.37976837,FALSE
"Joan Reef (13-128)",0,0,0,6,144.34959412,-13.94645691,TRUE
"John Brewer Reef (18-075)",1.47407012164048,0.00840336134453781,34.02,35,147.05296326,-18.63109779,TRUE
"Judith Wright Reef (18-101)",0.122287372757362,0.023696682464455,0.7,9,147.95126343,-18.89966774,FALSE
"Jupiter Reef (18-115)",0,0,0,6,148.25306702,-18.92404175,TRUE
"Kangaroo Reef (East) (19-063a)",0.00919678714859438,0,0.0481927710843374,8,148.61715698,-19.26265907,TRUE
"Kangaroo Reef (West) (19-063b)",0.00892857142857143,0,0.0357142857142857,8,148.55070496,-19.25987816,TRUE
"Kay Reef (12-010)",0.0277902174453899,0,0.253968253968254,11,143.28630066,-12.23149204,TRUE
"Keeper Reef (18-079)",3.65318400110399,0.0408163265306122,28.38,17,147.26829529,-18.74611664,TRUE
"Kelso Reef (18-030)",0.335446246644709,0.00763358778625954,2.43859649122807,15,146.99006653,-18.43645859,TRUE
"Knife Reef (18-081)",0.197481119703342,0,2.66666666666667,18,147.57148743,-18.57635307,TRUE
"Lady Elliot Island Reef (24-008)",0.0139261784984559,0.0159272558786053,0.0235294117647059,6,152.71542358,-24.11328316,FALSE
"Lady Musgrave Reef (23-082a)",0.0621932823115194,0.0166666666666667,0.397058823529412,29,152.38720703,-23.90178299,TRUE
"Lagoon Reef (12-061)",0.0010989010989011,0,0.0153846153846154,14,143.75706482,-12.38443565,TRUE
"Lamont Reef (23-076)",0.123832157320818,0.0871110899026532,0.357142857142857,6,152.0274353,-23.59870148,TRUE
"Langford-Bird Reef (20-019)",0.00944683908045977,0,0.116666666666667,16,148.87759399,-20.0883007,TRUE
"Lark Reef (15-033)",0.37304163632136,0.00862435918790369,2.89667896678967,8,145.5735321,-15.28826046,TRUE
"Lena Reef (15-085)",0,0,0,12,145.80799866,-15.64650345,TRUE
"Line Reef (19-128)",0,0,0,4,149.18353271,-19.68999863,TRUE
"Linnet Reef (14-126)",0.111441528932068,0,0.971428571428571,34,145.34443665,-14.78665161,TRUE
"Little Fitzroy Island Reef (16-055)",0.0333333333333333,0,0.166666666666667,5,146.00578308,-16.92298126,TRUE
"Little Kelso Reef (18-031)",0.392529205719433,0,4.36666666666667,17,146.99305725,-18.46914101,TRUE
"Lizard Island Reef (Coconut Bay) (14-116c)",0,0,0,6,145.47232056,-14.68106556,TRUE
"Lizard Island Reef (Lagoon) (14-116d)",0.00952380952380952,0,0.0363636363636364,7,145.44981384,-14.68557739,FALSE
"Lizard Island Reef (North East) (14-116b)",0.0281759483454399,0.0169491525423729,0.133333333333333,7,145.46611023,-14.65501785,TRUE
"Lizard Island Reef (North West) (14-116a)",0.228072763304005,0.0219727891156463,1.92045454545455,28,145.44694519,-14.65856457,TRUE
"Llewellyn Reef (23-078)",0.0378018119768918,0.0242718446601942,0.148148148148148,7,152.18093872,-23.69460678,TRUE
"Lodestone Reef (18-078)",2.41871160160953,0.0421610169491525,21.1764705882353,16,147.10308838,-18.69019508,TRUE
"Log Reef (South) (12-107)",0,0,0,4,143.84440613,-12.68454933,FALSE
"Long Reef (15-019)",0.0808672065998441,0.0188679245283019,0.266666666666667,7,145.57000732,-15.05088806,TRUE
"Low Islands Reef (16-028)",0.013172470836542,0,0.206896551724138,25,145.56443787,-16.38615227,FALSE
"Lynchs Reef (18-091)",0.102549601011275,0.0158730158730159,0.681159420289855,9,147.70838928,-18.7698307,FALSE
"MacGillivray Reef (14-114)",0.118709987982434,0,0.857142857142857,33,145.49102783,-14.6519022,TRUE
"Mackay Reef (16-015)",0.0909088375392723,0,0.675,26,145.64700317,-16.04948044,TRUE
"Mackay Reefs (15-024)",0.226257217637937,0.0185185185185185,1.56666666666667,13,145.57130432,-15.13893986,TRUE
"Mantis Reef (12-056)",0,0,0,5,143.89825439,-12.28798294,FALSE
"Maori Reef (17-006)",0.0506265664160401,0,0.338345864661654,8,146.34466553,-17.09428787,TRUE
"Martin Reef (14-123)",0.102678495158525,0.00975420321637427,0.8,30,145.35552979,-14.76314163,TRUE
"Marx Reef (15-027)",0.2188493130227,0,2.48387096774194,18,145.62117004,-15.19776058,TRUE
"Mast Head Reef (23-069)",0,0,0,12,151.72671509,-23.52691841,TRUE
"McCulloch Reef (No 1) (17-016a)",0.134601776880209,0,1.32743362831858,10,146.44169617,-17.28788376,FALSE
"McSweeney Reef (11-016)",0.0803959131545338,0.075,0.194444444444444,6,143.24269104,-11.02305126,TRUE
"Michaelmas Reef (16-060)",0.0157529733683403,0,0.135135135135135,31,146.01898193,-16.5817585,TRUE
"Mid Reef (19-029)",2.26976926523297,0.904793906810036,8.34375,6,148.0774231,-19.07060051,TRUE
"Middle Banks (11-222a)",0.0140692640692641,0,0.0952380952380952,10,143.50505066,-11.76433372,TRUE
"Milln Reef (16-067)",0.00523809523809524,0,0.0357142857142857,10,146.2653656,-16.77837372,TRUE
"Monsoon Reef (11-029)",0.0592901234567901,0.0408333333333333,0.2,6,143.25291443,-11.12877846,TRUE
"Moore Reef (16-071)",0.0250811517595743,0,0.233333333333333,20,146.21296692,-16.87431526,TRUE
"Morning Reef (15-098)",0.121875,0,0.608333333333333,8,145.6651001,-15.97551823,TRUE
"Moss Reef (17-068)",0.00161030595813205,0,0.0144927536231884,9,146.79472351,-17.94563866,TRUE
"Myrmidon Reef (18-034)",0.000805152979066023,0,0.0217391304347826,27,147.38424683,-18.26569939,TRUE
"Mystery Reef (21-258)",0.00409836065573771,0,0.0163934426229508,4,152.01708984,-21.37743568,TRUE
"Nathan Reef (17-035)",0.111624892460799,0.00304878048780488,0.89873417721519,10,146.51774597,-17.52473259,TRUE
"No 10 Patches (No 2) (14-152)",0,0,0,11,145.68173218,-14.93192387,FALSE
"No Name Reef (14-139)",0,0,0,31,145.64628601,-14.64376545,TRUE
"Noggin Reef (17-008)",0.0200517946537407,0,0.142857142857143,14,146.46858215,-17.12631226,TRUE
"Noreaster Reef (17-062)",0.895371913502105,0.0374331550802139,3.27142857142857,6,146.65055847,-17.77948189,TRUE
"Norman Reef (16-030)",0.00451388888888889,0,0.0625,20,145.99674988,-16.42810822,TRUE
"Normanby-Mabel Reef (17-012)",0.00588235294117647,0,0.0882352941176471,15,146.07714844,-17.20950317,TRUE
"North Direction Reef (14-143)",0.0872963465455726,0,0.714285714285714,30,145.51068115,-14.74591541,TRUE
"North Reef (North) (23-045a)",0,0,0,10,151.90402222,-23.18507195,TRUE
"North West Island Reef (23-049)",0,0,0,4,151.77075195,-23.29514885,TRUE
"Nymph Reef (14-115)",0.156659765355418,0,0.80952380952381,6,145.25215149,-14.65499687,TRUE
"Obstruction Reef (21-552)",0.915314401622718,0.5,2.8448275862069,6,152.46665955,-21.96283913,TRUE
"Ogilvie Reef (13-076)",0.00409836065573771,0,0.0163934426229508,4,143.79095459,-13.52589226,TRUE
"Old Reef (19-048)",5.8497435116017,0.161764705882353,21.9194630872483,5,148.08943176,-19.38344193,TRUE
"One Tree Island Reef (23-055a)",0.0600105327471667,0,1.24242424242424,26,152.06114197,-23.4956665,FALSE
"Opal Reef (16-025)",0.0896895579369255,0,2,24,145.8896637,-16.22089005,TRUE
"Osborne Reef (13-006)",0.0583909490886235,0,0.351351351351351,10,143.62623596,-13.04178429,TRUE
"Osterlund Reef (15-078)",0.178502879078695,0,0.714011516314779,4,145.53218079,-15.55632114,TRUE
"Otter Reef (18-018)",0.0327456652657242,0.00253807106598985,0.183333333333333,6,146.55886841,-18.05222702,TRUE
"Outlier Reef (19-120)",0,0,0,5,149.35287476,-19.54730606,TRUE
"Oyster Reef (16-043a)",0.0273095698627614,0,0.276595744680851,11,145.93276978,-16.63996506,TRUE
"Packer Reefs (20-145)",0.0034965034965035,0,0.0384615384615385,11,150.20411682,-20.47503471,FALSE
"Pasco Reef (15-018)",0.158937198067633,0,0.739130434782609,5,145.53305054,-15.04456997,FALSE
"Pearson Reef (11-211)",0.0622561154560465,0,0.294117647058824,11,143.71586609,-11.56678677,TRUE
"Peart Reef (17-024)",0.257539192833311,0,3.24786324786325,17,146.39112854,-17.48226547,TRUE
"Pelican Island Reef (13-107)",0,0,0,6,143.84161377,-13.91487694,TRUE
"Pellowe Reef (16-070)",0,0,0,6,146.35768127,-16.85753441,TRUE
"Penrith Reef (21-025)",0,0,0,5,149.89796448,-21.01667213,TRUE
"Pickersgill Reef (15-093)",0.142463078391979,0,2.00502512562814,24,145.57443237,-15.87277699,FALSE
"Pike Reef (21-549)",0.00123076923076923,0,0.00615384615384615,5,152.42330933,-21.94807434,TRUE
"Pith Reef (18-033)",0.04,0,0.24,6,147.01611328,-18.20892143,TRUE
"Pixie Reef (16-040)",0.030187074829932,0,0.208333333333333,14,145.86245728,-16.54697227,TRUE
"Plaster Reef (19-147)",0.0116666666666667,0,0.05,6,149.66975403,-19.62962532,TRUE
"Pollux Reef (19-027)",1.04308823529412,0.0625,4.8,5,148.30413818,-19.04730606,TRUE
"Pompey Reef (No 1) (20-351a)",0,0,0,10,150.53518677,-20.9407692,TRUE
"Pompey Reef (No 2) (20-351b)",0,0,0,10,150.52845764,-20.98368073,TRUE
"Potter Reef (No 1) (17-059a)",0.895267857472927,0.0333333333333333,5.8,13,146.54440308,-17.69752693,TRUE
"Poulson Reef (21-548)",0.0238095238095238,0,0.0952380952380952,4,152.45889282,-21.93623352,TRUE
"Prawn Reef (19-024)",0.0119247952106826,0,0.0447761194029851,9,148.09669495,-19.02057266,FALSE
"Quoin Reef (12-027)",0.24702380952381,0.0714285714285714,1,8,143.49861145,-12.4230938,TRUE
"Rachel Carson Reef (15-092)",0,0,0,9,145.81944275,-15.82970524,TRUE
"Rafter Reef (19-146)",0,0,0,7,149.6325531,-19.61058044,TRUE
"Rebe Reef (19-209)",0,0,0,21,150.15289307,-19.79887581,TRUE
"Recreation Reef (21-501)",0.189689921040446,0.103968253968254,0.518796992481203,6,152.44134521,-21.6783886,FALSE
"Reg Ward Reef (18-017)",0.00796825396825397,0.00793650793650794,0.016,4,146.7850647,-18.03201485,TRUE
"Rib Reef (18-032)",0.818364031362181,0,8.54545454545454,34,146.8711853,-18.48267555,FALSE
"Ribbon No 1 Reef (15-080)",0,0,0,9,145.80508423,-15.60583305,TRUE
"Ribbon No 10 Reef (14-146)",0,0,0,4,145.69813538,-14.82720089,TRUE
"Ribbon No 2 Reef (No 1) (15-075a)",0,0,0,6,145.79620361,-15.55718899,TRUE
"Ribbon No 3 Reef (15-050)",0,0,0,11,145.80554199,-15.48834705,TRUE
"Ribbon No 4 Reef (15-046)",0,0,0,7,145.8008728,-15.43488216,TRUE
"Ribbon No 5 Reef (15-038)",0,0,0,6,145.78292847,-15.36378002,TRUE
"Ribbon No 6 Reef (15-032)",0,0,0,9,145.75184631,-15.28094673,TRUE
"Ribbon No 7 Reef (15-026)",0,0,0,4,145.7383728,-15.18930244,TRUE
"Ribbon No 8 Reef (15-021a)",0,0,0,5,145.72372437,-15.07281303,TRUE
"Ribbon No 9 Reef (14-154)",0,0,0,12,145.70335388,-14.99295044,TRUE
"Rocky Islets Reef (14-132a)",0.57608764436007,0.00581395348837209,3.24489795918367,6,145.47993469,-14.85496998,TRUE
"Rodda Reef (13-127)",0.0999249497369798,0,1.13888888888889,26,144.35662842,-13.92119122,TRUE
"Rosser Reef (15-081)",0.186130258390828,0,1.20779220779221,13,145.51507568,-15.60728073,TRUE
"Round-Russell Reef (17-013)",0.0132107023411371,0,0.0833333333333333,13,146.09152222,-17.22398567,TRUE
"Roxburgh Reef (18-042)",0,0,0,14,147.05809021,-18.43182755,TRUE
"Ruby Reef (15-088)",0,0,0,12,145.78079224,-15.74977016,TRUE
"Rudder Reef (16-023)",0.20750952475319,0,1.70434782608696,17,145.69342041,-16.19220161,TRUE
"Sanctuary Reef (22-109)",0.690730335806638,0.385964912280702,2.92517006802721,7,152.67567444,-22.06676674,TRUE
"Sand Bank No 1 Reef (14-045)",0,0,0,10,144.89193726,-14.20033455,TRUE
"Sand Bank No 8 Reef (13-056)",0,0,0,6,143.96214294,-13.36719513,TRUE
"Sandshoe Reef (22-133)",4.54724176891088,1.51809464893288,15.1527777777778,4,152.75704956,-22.20902634,FALSE
"Saville-Kent Reef (18-099)",0.399460575657466,0,4.94444444444444,14,147.88334656,-18.85930061,TRUE
"Saxon Reef (16-032)",0.00128369704749679,0,0.024390243902439,19,145.99028015,-16.46511841,TRUE
"Scott Reef (17-004)",0.0986113278202528,0,0.913793103448276,13,146.18499756,-17.07360649,TRUE
"Second Small Reef (12-098)",0,0,0,7,143.79449463,-12.58212376,TRUE
"Shell Reef (19-028)",2.11592962592963,0.0476190476190476,20.2222222222222,11,148.18159485,-19.05929375,TRUE
"Showers Reef (19-076)",0.126688815060908,0,0.790697674418605,10,148.89859009,-19.49141884,TRUE
"Shrimp Reef (18-118)",0.205841161051173,0.0157490079365079,3.27450980392157,18,148.05303955,-18.96915054,TRUE
"Sinker Reef (19-133)",0.0142857142857143,0,0.1,7,149.19891357,-19.71930695,TRUE
"Sir Charles Hardy Islands Reef (11-184c)",0.149337629788758,0.0238095238095238,0.738095238095238,7,143.4964447,-11.91147614,TRUE
"Slate Reef (19-159)",0.00581399277051451,0,0.0303030303030303,23,149.92649841,-19.66704559,TRUE
"Small Lagoon Reef (21-572)",0.624842953447072,0,4.1304347826087,9,152.50921631,-21.87475014,TRUE
"South Direction Reef (North) (14-147a)",0.159214405199085,0.0263157894736842,1.22222222222222,9,145.52357483,-14.82437229,TRUE
"South Direction Reef (South) (14-147b)",0,0,0,5,145.52072144,-14.81170082,TRUE
"St Crispin Reef (16-019)",0.00822650684553025,0,0.188888888888889,30,145.83328247,-16.10412598,TRUE
"Stanley Reef (19-045)",1.04147439486525,0.0123456790123457,11.08,13,148.0796814,-19.29451752,TRUE
"Stapleton Reef (14-054)",0.0628286093402372,0.0135135135135135,0.302325581395349,6,144.85919189,-14.32140255,TRUE
"Startle Reefs (15-028)",0.593092757084708,0.0590070357095447,6.88524590163934,20,145.55651855,-15.20737457,TRUE
"Sudbury Reef (No 1) (17-001a)",0.0295573049407348,0.00331858407079646,0.176470588235294,8,146.2049408,-16.99837875,TRUE
"Sweetlip Reef (22-140)",1.38185977183229,0.451616266944734,4.60696517412935,4,152.73731995,-22.27070427,TRUE
"Swinger Reef (15-030)",0.438391652207442,0,4.875,19,145.53718567,-15.24224567,TRUE
"Switzer Reef (14-061)",0.0197047397047397,0.00666666666666667,0.0897435897435897,6,144.75698853,-14.36003113,TRUE
"Sykes Reef (23-054)",0.0992232353803483,0.046218487394958,0.379310344827586,7,152.03375244,-23.43322182,TRUE
"Sylvan Reef (16-017)",0.234617864405098,0,1,11,145.72079468,-16.07977295,TRUE
"Taylor Reef (17-064)",1.76780617771922,0,18.1666666666667,15,146.54951477,-17.83285522,TRUE
"Tern Reef (20-309)",2.44799484448952,0.0172413793103448,15.7058823529412,10,150.03265381,-20.90947533,TRUE
"Thetford Reef (16-068)",0.040774099598709,0,0.619047619047619,30,146.18086243,-16.80299377,TRUE
"Thomas Reef (21-497)",0,0,0,5,152.34248352,-21.66396904,TRUE
"Three Islands Reef (15-005)",0.336101398601399,0,2.13636363636364,8,145.4223938,-15.11523628,TRUE
"Tideway Reef (No 1) (19-205a)",0.00384615384615385,0,0.0192307692307692,5,149.72459412,-20.01020241,FALSE
"Tongue Reef (16-026)",0.0245615304342408,0.00259856958955276,0.149484536082474,18,145.79255676,-16.3209343,TRUE
"Trunk Reef (18-027)",0.784533624983468,0.0284237726098191,4.56976744186047,9,146.83181763,-18.35411644,TRUE
"Turner Reef (21-562)",2.89079007374476,0,24.48,21,152.5587616,-21.71955299,TRUE
"Turtle Group Reef (No 2) (14-120b)",0,0,0,4,145.1991272,-14.73466969,FALSE
"Turtle Reef (21-519)",0,0,0,4,152.38275146,-21.7998085,FALSE
"Twins Reef (East) (22-146b)",2.8125,0,11.25,4,152.56051636,-22.37986755,TRUE
"Twins Reef (West) (22-146a)",1.60294117647059,0,6.41176470588235,4,152.54454041,-22.3670311,TRUE
"Two Islands Reef (15-002)",0.472459167241776,0,3.6,14,145.44151306,-15.02282429,TRUE
"Tydeman Reef (13-133)",0,0,0,14,144.52000427,-13.98367882,TRUE
"U/N Reef (11-049)",0.223206122062829,0.0944444444444444,0.780487804878049,6,143.33546448,-11.36095428,TRUE
"U/N Reef (11-162)",0.0129032258064516,0,0.0645161290322581,5,143.29081726,-11.60404396,TRUE
"U/N Reef (12-071)",0.00757575757575758,0,0.0454545454545455,6,143.77137756,-12.48882198,TRUE
"U/N Reef (13-040)",0,0,0,6,143.94644165,-13.27411175,TRUE
"U/N Reef (13-063)",0.0476866367362657,0.032258064516129,0.137931034482759,5,143.81530762,-13.42310429,TRUE
"U/N Reef (13-121)",0,0,0,9,144.26705933,-13.78010464,TRUE
"U/N Reef (13-124)",0.0657883438589585,0.0517857142857143,0.412698412698413,22,144.07878113,-13.85309219,TRUE
"U/N Reef (14-056)",0.0142178608936851,0,0.0816326530612245,13,144.95561218,-14.32808208,TRUE
"U/N Reef (14-075)",0.0194444444444444,0,0.155555555555556,8,145.16496277,-14.28916931,TRUE
"U/N Reef (14-132b)",0.636771191544753,0.0119047619047619,3.74418604651163,6,145.52761841,-14.8655138,TRUE
"U/N Reef (14-132c)",0.466666666666667,0,2.33333333333333,5,145.48886108,-14.86948586,TRUE
"U/N Reef (14-133)",0.803272575883183,0.0340056285178236,5.78333333333333,8,145.51600647,-14.91681099,TRUE
"U/N Reef (14-142)",0,0,0,4,145.58253479,-14.73134422,TRUE
"U/N Reef (14-145)",0.31486568986569,0.0912698412698413,1.07692307692308,4,145.58654785,-14.78984928,FALSE
"U/N Reef (14-149)",0.165472233971841,0.0151549942594719,0.631578947368421,4,145.61833191,-14.84252357,TRUE
"U/N Reef (15-022)",0.764785289115646,0.0462372448979592,2.96666666666667,4,145.63641357,-15.0979948,TRUE
"U/N Reef (15-023)",0.0166666666666667,0,0.0666666666666667,4,145.67022705,-15.09437656,TRUE
"U/N Reef (15-034)",0,0,0,8,145.76364136,-15.31300926,TRUE
"U/N Reef (15-043)",0.0228384019081693,0,0.102564102564103,5,145.50831604,-15.42865181,TRUE
"U/N Reef (15-047)",0.216493540317722,0.0434782608695652,2.1,13,145.67703247,-15.46156597,FALSE
"U/N Reef (15-077)",0.526002280376289,0.0128205128205128,3.58571428571429,12,145.64950562,-15.55839443,TRUE
"U/N Reef (16-013a)",0,0,0,9,145.79371643,-16.01890564,TRUE
"U/N Reef (16-013b)",0,0,0,9,145.80805969,-16.01919937,TRUE
"U/N Reef (16-013c)",0.101851851851852,0,0.666666666666667,9,145.80764771,-16.03413773,TRUE
"U/N Reef (16-027)",0.0125,0,0.1,8,145.76490784,-16.35203362,TRUE
"U/N Reef (16-054f)",0,0,0,6,145.98852539,-16.9413929,TRUE
"U/N Reef (16-054g)",0,0,0,6,146.00166321,-16.93380928,TRUE
"U/N Reef (18-023)",9.87321667018062,0,85.8333333333333,9,146.96673584,-18.13350868,TRUE
"U/N Reef (18-025)",0.0586896551724138,0,0.19,5,146.89807129,-18.26096916,TRUE
"U/N Reef (19-131a)",0.000293427230046948,0,0.00704225352112676,24,149.36825562,-19.76073265,TRUE
"U/N Reef (19-138)",0.0203338967016993,0,0.517241379310345,28,149.42539978,-19.80061722,TRUE
"U/N Reef (19-188)",0,0,0,4,149.76205444,-19.78318405,TRUE
"U/N Reef (20-104)",0.439931512189037,0,6.52173913043478,26,149.68804932,-20.03160477,TRUE
"U/N Reef (20-348)",0.00407747196738022,0,0.036697247706422,9,150.95317078,-20.88706779,TRUE
"U/N Reef (20-353)",0.012991452991453,0,0.0769230769230769,9,150.91795349,-20.96454239,TRUE
"U/N Reef (20-354)",0.0224608724608725,0,0.0952380952380952,10,150.95201111,-20.97310638,TRUE
"U/N Reef (21-060)",0.526269560594503,0,2.95652173913043,9,150.59155273,-21.01289177,TRUE
"U/N Reef (21-062)",0.395163206947406,0.151098901098901,1.71739130434783,8,150.8651123,-21.03121948,TRUE
"U/N Reef (21-064)",0.499397860593513,0.148695652173913,1.875,10,150.77798462,-21.05713272,TRUE
"U/N Reef (21-074)",0.00774463631606489,0,0.0285714285714286,7,150.84495544,-21.15646553,TRUE
"U/N Reef (21-104)",0,0,0,5,151.23789978,-21.09609222,TRUE
"U/N Reef (21-137)",0,0,0,4,151.41903687,-21.40195084,TRUE
"U/N Reef (21-139)",0.00178197064989518,0,0.0166666666666667,12,151.46914673,-21.47309494,TRUE
"U/N Reef (21-140)",0,0,0,8,151.2865448,-21.48459435,TRUE
"U/N Reef (21-186)",0.0068342151675485,0,0.0416666666666667,7,151.79299927,-21.41065025,TRUE
"U/N Reef (21-187)",0.168045101155305,0.0529891304347826,0.642857142857143,12,151.64750671,-21.41942215,TRUE
"U/N Reef (21-245)",0.0170023842859728,0.0170952659263589,0.0350877192982456,8,152.43687439,-21.30537796,TRUE
"U/N Reef (21-266)",0,0,0,4,152.12767029,-21.43675041,FALSE
"U/N Reef (21-278)",0,0,0,7,152.54450989,-21.10451126,TRUE
"U/N Reef (21-286)",0.0283150183150183,0.0328205128205128,0.0476190476190476,4,152.51199341,-21.17564964,TRUE
"U/N Reef (21-296)",0,0,0,7,152.55335999,-21.33865738,TRUE
"U/N Reef (21-302)",0,0,0,7,152.58131409,-21.43224525,TRUE
"U/N Reef (21-460)",0,0,0,5,151.74217224,-21.71146393,TRUE
"U/N Reef (21-464)",0.0044390243902439,0,0.0121951219512195,5,151.77368164,-21.75589371,TRUE
"U/N Reef (21-465)",0.344125783606807,0.0661779324055666,1.75799086757991,6,151.88204956,-21.80438995,TRUE
"U/N Reef (21-466)",0.00381957788566364,0.00289017341040462,0.00949796472184532,4,151.98693848,-21.83785439,TRUE
"U/N Reef (21-467)",0.00155763239875389,0,0.00934579439252336,6,151.92630005,-21.8867054,TRUE
"U/N Reef (21-512)",0.0114285714285714,0,0.0571428571428571,5,152.33453369,-21.75823021,TRUE
"U/N Reef (21-526)",0.00420168067226891,0,0.0294117647058824,7,152.31219482,-21.83160782,FALSE
"U/N Reef (21-529)",0,0,0,26,152.17295837,-21.8669281,TRUE
"U/N Reef (21-539)",0,0,0,4,152.27110291,-21.94011307,TRUE
"U/N Reef (21-542)",0.0384615384615385,0.0384615384615385,0.0769230769230769,4,152.46600342,-21.91745758,TRUE
"U/N Reef (21-544)",0.00382694659600489,0,0.0134529147982063,5,152.10873413,-21.92170143,TRUE
"U/N Reef (21-550)",0.0444444444444444,0,0.533333333333333,12,152.31266785,-21.95143318,TRUE
"U/N Reef (21-551)",0.190311962453221,0.0622429278938974,0.78757225433526,6,152.0556488,-21.96060562,TRUE
"U/N Reef (21-554)",0,0,0,6,152.3745575,-21.97977829,TRUE
"U/N Reef (21-555)",4.34775128658839,1.66281279695914,14.0188679245283,4,152.23217773,-21.97902107,TRUE
"U/N Reef (21-557)",2.7297619047619,1,13.8333333333333,7,152.46405029,-21.98226166,TRUE
"U/N Reef (21-558)",0.0887472992017577,0.0188679245283019,0.358208955223881,9,152.54571533,-21.54859161,TRUE
"U/N Reef (21-591)",0.0448275862068966,0,0.448275862068966,10,150.37242126,-21.02275085,TRUE
"U/N Reef (22-084)",0.593348869481274,0,3.33766233766234,14,152.46496582,-21.99973488,TRUE
"U/N Reef (22-085)",2.72997222101022,0.0256410256410256,13.453488372093,5,152.34616089,-22.01666451,TRUE
"U/N Reef (22-088a)",0.497550302290945,0,3.67434210526316,26,152.15774536,-22.02577591,TRUE
"U/N Reef (22-110)",0.536111111111111,0.125,1.55555555555556,5,152.59646606,-22.06586647,TRUE
"U/N Reef (22-112)",1.01025641025641,0.230769230769231,3.30769230769231,7,152.59587097,-22.08454323,TRUE
"U/N Reef (22-113)",7.26015067862894,0.0434782608695652,35.7916666666667,5,152.64712524,-22.09456444,FALSE
"U/N Reef (22-114)",0.672587719298246,0.333333333333333,1.73684210526316,5,152.62452698,-22.10386276,TRUE
"U/N Reef (22-117)",3.00719280719281,0.0909090909090909,14.7142857142857,5,152.60931396,-22.12369537,FALSE
"U/N Reef (22-118)",3.23020186335404,0,16.4375,7,152.62887573,-22.12538719,TRUE
"U/N Reef (22-123)",1.96969696969697,0,7.87878787878788,4,152.59759521,-22.14977264,TRUE
"U/N Reef (22-139)",2.00833333333333,0,8.03333333333333,4,152.60469055,-22.26438522,TRUE
"U/N Reef (22-143)",1.85041694578676,0.0149253731343284,11.2658227848101,9,152.72900391,-22.32504654,TRUE
"U/N Reef (22-144)",0.803526821297625,0.110975609756098,6.76470588235294,10,152.68025208,-22.33198547,TRUE
"U/N Reef (22-147a)",2.47840073529412,1.19117647058824,7.53125,4,152.70628357,-22.36080551,TRUE
"Undine Reef (East) (16-020b)",0.0131628787878788,0,0.075,8,145.77542114,-16.11724091,TRUE
"Undine Reef (West) (16-020a)",0.0549442967969765,0,0.333333333333333,15,145.68716431,-16.12334633,TRUE
"Upolu Reef (16-046)",0.0296666666666667,0,0.133333333333333,10,145.93695068,-16.67423248,TRUE
"Vicki Harriott Reef (15-070)",0.226344086021505,0.00645161290322581,0.89247311827957,4,145.61799622,-15.50250721,TRUE
"Viper Reef (18-112)",0.012670647399421,0,0.111111111111111,16,148.15063477,-18.87314415,TRUE
"Vlasoff Reef (16-044b)",0.0788600470430108,0,1.21875,16,145.99284363,-16.65520287,TRUE
"Wade Reef (21-588)",0.106599954130916,0,1.01408450704225,12,152.64883423,-21.98545456,TRUE
"Walker Reef (18-026)",0.790730250337782,0.0328947368421053,4.24137931034483,8,146.74464417,-18.32501411,TRUE
"Wansfell Reef (19-098)",0.00242130750605327,0,0.0169491525423729,7,149.11933899,-19.50007629,TRUE
"Wardle Reef (17-032)",0.0234176985108353,0,0.224137931034483,22,146.55096436,-17.42048264,TRUE
"Wheeler Reef (18-095)",0.658632271033325,0,9.40740740740741,25,147.52622986,-18.79788971,TRUE
"Wilson Island Reef (23-050)",0.0227573313556441,0.0119047619047619,0.0869565217391304,5,151.89030457,-23.29052353,TRUE
"Wilson Reef (13-129)",0,0,0,4,144.40107727,-13.95244312,TRUE
"Wilson Reef (22-086)",1.7677033492823,0.0263157894736842,7.01818181818182,4,152.44837952,-22.01743889,FALSE
"Wistari Reef (23-053)",0.000459558823529412,0,0.00367647058823529,8,151.87670898,-23.46987534,FALSE
"Wreck Island Reef (23-051)",0,0,0,23,151.96539307,-23.33036804,TRUE
"Yamacutta Reef (17-066)",0.00593414076560144,0,0.0303030303030303,7,146.58634949,-17.88853264,TRUE
"Yankee Reef (18-074)",0.917254576104234,0.125703564727955,4.17241379310345,8,147.49894714,-18.56134033,TRUE
"Yonge Reef (14-138)",0.000235904694503421,0,0.00636942675159236,27,145.62347412,-14.59968185,TRUE
