"reefName","cotsPerTowMean","cotsPerTowMedian","nObs","x","y","area"
"(Big) Broadhurst Reef (No 1) (18-100a)",0.0375173981751929,0.0257189971275577,8,147.74226379,-18.90699196,91426745.23
"(Little) Broadhurst Reef (18-106)",5.06961370970304,0.102889082462253,14,147.69447327,-18.95594597,27111207.13
"Abrahams Reef (22-093)",3.69653172234524,1.25844806007509,4,152.48748779,-22.10082817,13137217.48
"Adelaide Reef (17-042)",0.196547410151427,0.0224215246636771,8,146.47129822,-17.65380287,40803871.29
"Agincourt Reefs (No 1) (15-099c)",0,0,28,145.86737061,-16.05204773,2152661.195
"Agincourt Reefs (No 2a) (15-099b)",0,0,6,145.85093689,-16.01783371,1410392.365
"Agincourt Reefs (No 2b) (15-099e)",0,0,6,145.85839844,-16.03013229,1087280.462
"Agincourt Reefs (No 3) (15-099a)",0.0351170568561873,0,13,145.83221436,-15.98979378,7780433.28
"Agincourt Reefs (No 4) (15-096)",0,0,14,145.82078552,-15.94987965,12899854.3
"Agincourt Reefs (No 5) (15-099d)",0,0,6,145.83525085,-16.03521538,2925741.419
"Andersen Reef (15-090)",0,0,10,145.80323792,-15.78924942,5161927.698
"Arc Reef (18-070)",3.83116883116883,1.09090909090909,4,147.44549561,-18.49704361,580615.5661
"Arlington Reef (16-064)",0.0363645597605996,0,18,146.05477905,-16.69470215,127678016.2
"Ashmore Banks (No 1) (11-237a)",0,0,10,143.62936401,-11.88521671,50776602.16
"Ashmore Banks (No 2) (11-237b)",0,0,10,143.70982361,-11.88003635,50916874.06
"Ashmore Banks (No 3) (11-237c)",0.0307692307692308,0,10,143.68823242,-11.92658424,46337315.46
"Bacchi Reef (21-495)",0.0194307608100712,0,6,152.38877869,-21.63401604,1629796.195
"Backnumbers Reef (18-069a)",0.0311667510302938,0.0186915887850467,5,147.14831543,-18.50876045,33122337.09
"Bait Reef (19-137)",0.0412842428912716,0.0184453227931489,16,149.07359314,-19.80712891,6060599.76
"Banfield Reef (North) (18-105a)",1.28411342964152,0.0714285714285714,5,147.89686584,-18.9248848,6540552.971
"Banfield Reef (South) (18-105b)",0.358461538461538,0,5,147.90930176,-18.93882942,4295110.709
"Barnett Patches (18-019)",0.00389264727563924,0.00216645444255801,8,146.85308838,-18.06010437,48177595.93
"Batt Reef (16-029)",0.0653704500757484,0.0137629645150186,10,145.76745605,-16.41407585,140901620.4
"Beaver Reef (17-051)",0.160479747545204,0,17,146.4835968,-17.84960938,18876963.18
"Ben Reef (20-113)",0,0,23,150.32034302,-20.0068779,751500.8152
"Bird Islands Reef (North) (11-167)",0,0,4,143.08876038,-11.77057457,1363112.39
"Block Reef (19-127)",0.0571767849734908,0.0452337583485124,4,149.3734436,-19.69941521,155527942.3
"Border Island Reef (No 1) (20-067a)",0,0,13,149.02896118,-20.16838264,724374.8949
"Boulder Reef (15-012)",0.119686680766391,0,26,145.43144226,-15.41388798,13553642.18
"Boult Reef (23-079)",0.0585409289142693,0.024390243902439,13,152.27194214,-23.75748634,10088265.21
"Bowden Reef (19-019)",0.317666365974117,0.025974025974026,27,147.92767334,-19.03274727,14825249
"Bowl Reef (18-080)",0,0,6,147.53889465,-18.49941254,25990137.37
"Bramble Reef (18-029)",0.324300113522196,0,12,146.7061615,-18.4081955,62941234.48
"Breaking Patches (16-042)",0,0,8,145.98020935,-16.58157539,1731469.207
"Briggs Reef (16-074)",0.0072463768115942,0,6,146.20672607,-16.93803215,1206495.97
"Briggs Reef (No 1) (20-299d)",0.119791666666667,0.0555555555555556,8,150.45161438,-20.68408012,351712.1924
"Britomart Reef (18-024)",1.26194248525437,0.000834724540901503,8,146.72647095,-18.22864151,142659571.1
"Broomfield Reef (23-048)",0,0,30,151.94029236,-23.26951599,15249411.95
"Cairns Reef (15-086)",0.0840531561461794,0,7,145.50866699,-15.67227173,90002612.77
"Cannan Reef (20-144)",0.075098814229249,0,11,150.15145874,-20.48106194,2175150.538
"Carter Reef (14-137)",0.000452488687782805,0,26,145.58898926,-14.54767418,15445386.92
"Castor Reef (19-025)",0.010334849111203,0.00847457627118644,4,148.34069824,-19.01529503,16517122.73
"Celebration Reef (13-041)",0.0272750082522892,0.0185185185185185,7,143.69355774,-13.27611446,9527394.652
"Centipede Reef (18-088)",0.167161996866433,0.0149253731343284,17,147.54231262,-18.72175407,30078104.98
"Central Reef (21-577)",0.0435267857142857,0.015625,4,152.5219574,-21.92190361,3744977.595
"Charity Reef (19-047)",2.23548625075719,0,14,148.33796692,-19.36690331,5233600.767
"Chesterman Reef (22-090)",2.14040616246499,2.07352941176471,4,152.42874146,-22.04010582,9857639.415
"Chicken Reef (18-086)",0.311281160102858,0,34,147.71723938,-18.64651299,56971185.42
"Chinaman Reef (16-024)",0.153232042313364,0,15,145.79154968,-16.21309662,7354203.597
"Chinaman Reef (22-102)",2.11522058151594,0.075,31,152.65826416,-22.0051918,3378785.85
"Circular Quay Reef (19-134)",0.263447951539555,0.05,5,149.48550415,-19.74379349,134933798.5
"Clack Reef (14-017)",0.41225491253358,0.11864406779661,11,144.24232483,-14.06813049,12898824.99
"Coates Reef (17-011)",0.0858202558131686,0,10,146.36857605,-17.19708824,4285330.336
"Coil Reef (18-046)",0,0,5,147.5223999,-18.43486214,2229575.826
"Conder Reef (19-219)",0.0319122968065255,0.0158730158730159,9,150.19985962,-19.92139053,5716473.214
"Corbett Reef (14-016)",0.0380952380952381,0,6,144.11610413,-13.97915649,223273075.5
"Crab Reef (19-177)",0,0,6,149.70863342,-19.7245388,1895013.107
"Creal Reef (20-297)",0.0464285714285714,0,15,150.38142395,-20.53423691,1720946.625
"Credlin Reefs (East) (20-287)",0.383513486259447,0,26,149.95120239,-20.54021454,12220228.66
"Creech Reef (North) (13-118a)",0.00274348422496571,0,9,144.10391235,-13.62558937,5697241.178
"Crescent Reef (14-082)",0,0,4,145.08926392,-14.4156599,29348161.98
"Curd Reef (12-102)",0.288256625393722,0.032258064516129,11,143.54925537,-12.58115005,23373171.25
"Darley Reef (19-043)",0.00664096239580593,0.00188679245283019,6,148.18327332,-19.19681931,130010864.1
"Davie Reef (13-130)",0.15978354978355,0,16,144.45483398,-13.97737408,6763119.803
"Davies Reef (18-096)",0.179356211479377,0.027027027027027,33,147.64483643,-18.8224926,16614663.82
"Day Reef (14-089)",0.0178571428571429,0,4,145.53677368,-14.49668884,23858269.08
"Detour Reef (21-514)",0.0353862031368245,0.0231754161331626,6,152.414505,-21.76066017,10081373.78
"Dicks Reef (22-141)",0.315086276005816,0.0689655172413793,9,152.66279602,-22.30785561,5124925.997
"Dip Reef (18-039)",0.190251572327044,0,24,147.44873047,-18.41375351,14091026.9
"Duncan Reef (18-020)",0.00274725274725275,0,4,146.78665161,-18.08373451,22326183.47
"East Cay Reef (21-305)",0.0524330495134732,0,25,152.56459045,-21.48348045,8927895.827
"Eddy Reef (17-047)",0.0290633612619712,0,12,146.43510437,-17.77425957,11101571.06
"Edgell Reefs (No 5) (20-112)",0,0,7,149.93690491,-20.13447762,12538300.53
"Egret Reef (15-013)",0.13246237889095,0,16,145.41749573,-15.47411537,11951889.18
"Elford Reef (16-073)",0.0183637694170763,0,10,146.24856567,-16.9116478,39652741.47
"Elizabeth Reef (19-082)",0.150144195275009,0,10,149.04302979,-19.32583809,13580154.84
"Ellison Reef (17-044)",0.213900411557869,0,14,146.39360046,-17.72225189,25111964.56
"Emily Reef (15-082)",0.747482123839951,0.0119047619047619,5,145.62632751,-15.60594273,35300245.39
"Emperor Reef (21-538)",0.012949749940462,0,5,152.44381714,-21.8837204,22515968.94
"Endeavour Reef (15-089)",0.255329419439008,0,6,145.58180237,-15.77656364,20421282.07
"Erskine Reef (23-068)",0.00092678405931418,0,13,151.77363586,-23.50185394,5023866.482
"Escape Reef (15-094)",0,0,10,145.79629517,-15.87716198,26941243.21
"Euston Reef (16-063)",0.0125,0,5,146.25227356,-16.68704605,1793474.168
"Evening Reef (15-095)",0.191975795320573,0.02,17,145.65682983,-15.90518665,9103503.29
"Eye Reef (14-134)",0.407692307692308,0,11,145.47799683,-14.89468002,1419016.22
"Eyrie Reef (14-118)",0.100893087041992,0.0224719101123595,17,145.3792572,-14.71065998,14996927.29
"Fairey Reef (No 1) (19-109a)",0.0124318658280922,0,5,148.94335938,-19.53862,8676417.781
"Fairfax Islands Reef (23-081)",0.194488022313606,0.0203318995759739,14,152.36096191,-23.86657143,13046448.13
"Faith Reef (19-044)",0.684384324382336,0.0317540322580645,22,148.349823,-19.27865601,4416372.604
"Fantome (Eumilli) Island Reef (18-053)",0,0,8,146.51159668,-18.67670441,1829623.859
"Faraday Reef (18-041)",0.210144927536232,0,6,147.34922791,-18.42234421,2497874.397
"Farquharson Reef (No 1) (17-063a)",0.18255724061124,0,13,146.51689148,-17.79090881,22929653.99
"Feather Reef (17-034)",0.256264555962224,0,28,146.37722778,-17.5328598,17677142.54
"Fife Reef (13-081)",0,0,4,143.73074341,-13.65333939,4117978.838
"Fitzroy Island Reef (No 1) (16-054a)",0.00430289739500266,0,19,145.99356079,-16.92498398,163781.061
"Fitzroy Island Reef (No 2) (16-054b)",0,0,5,145.98471069,-16.93302727,24890.27506
"Fitzroy Reef (23-077)",0.0890635982557845,0.0262582056892779,15,152.14743042,-23.63306427,36684358.83
"Flora Reef (17-010)",0.192034966090673,0,16,146.29089355,-17.1848011,11289588.9
"Fly Reef (14-109)",0.0301333708145927,0.0208333333333333,8,145.15846252,-14.50730419,1425476.438
"Flynn Reef (16-065)",0,0,11,146.27462769,-16.72874832,4205081.546
"Forbes Islands Reef (12-016b)",0.388092966916496,0.411764705882353,5,143.40895081,-12.29255772,1579857.252
"Fore And Aft Reef (18-043)",0.323458462553633,0.0177165354330709,19,147.03765869,-18.50482941,20803183.48
"Fork Reef (18-083)",0.0653396109936935,0,13,147.55445862,-18.6082859,30932813.99
"Forrester Reef (15-009)",0.32582868708821,0.0214374482187241,18,145.49612427,-15.16672802,14392506.25
"Frigate Reef (21-511)",0.187926473271301,0.037037037037037,7,152.42849731,-21.73435974,2330245.862
"Gannett Cay Reef (21-556)",3.51352028938566,0.375,31,152.47738647,-21.98163605,1365749.003
"Gater Reef (22-130)",2.90018939393939,0.645833333333333,4,152.69818115,-22.17048645,25855906.95
"Gibson Reef (17-017)",0.0617560347746271,0,11,146.35955811,-17.30199242,46196046.21
"Gilbey Reef (17-057)",1.17843311983298,0.0606382978723404,8,146.57826233,-17.58052826,7706577.333
"Glow Reef (18-071)",1.74787878787879,0,5,147.40255737,-18.52807808,8840947.44
"Green Island Reef (16-049)",0.0186766959618077,0,31,145.99865723,-16.76707268,35435415.46
"Grub Reef (18-077)",0.861024350918205,0.0233062330623306,16,147.42596436,-18.62554359,31306639.38
"Hall-Thompson Reef (17-037)",0.0155260977630489,0.00392156862745098,5,146.45721436,-17.60943413,36234946.15
"Hardy Reef (19-135)",0.123611609193501,0.0075187969924812,21,149.23330688,-19.76042366,42891833.45
"Harrier Reef (15-025)",0,0,7,145.69720459,-15.13665295,1603653.831
"Hastings Reef (16-057)",0.0283809047327529,0,31,146.00813293,-16.51843643,14791596.56
"Havannah Reef (18-065)",0,0,18,146.53756714,-18.84302711,851119.2514
"Hayman Island Reef (20-014)",0.00350877192982456,0,19,148.89082336,-20.06110573,3149428.547
"Hedley Reef (17-014)",0.0364587966442164,0,16,146.48373413,-17.22857094,39815712.71
"Helix Reef (18-076)",1.09953644840008,0,22,147.2984314,-18.62459183,1580023.92
"Helsdon Reef (14-135)",0.391734344354574,0.0235587583148559,20,145.48800659,-14.93945408,12561785.17
"Heron Reef (23-052a)",0.027614232264025,0.0305298308967713,8,151.97113037,-23.44615173,63183100.95
"Hicks Reef (14-086)",0.00130208333333333,0,6,145.4821167,-14.45256233,23761377.88
"Hilder Reef (14-085)",0,0,10,145.41036987,-14.44501114,13034744.2
"Hixson Cay Reef (22-145)",3.05,0.1,4,152.73062134,-22.34350204,1308157.314
"Holbourne Island Reef (No 1) (19-103a)",0,0,6,148.35734558,-19.72500038,220385.4509
"Hook Reef (19-136a)",0,0,5,149.18539429,-19.79242516,97036738.36
"Hope Reef (16-058)",0,0,5,146.12957764,-16.52711296,1522469.247
"Hope Reef (19-046)",0.204714640198511,0,6,148.43589783,-19.32163239,4126359.858
"Hopkinson Reef (18-073)",2.44574841925383,0.0210615891926391,12,147.19277954,-18.55063438,7380080.093
"Horseshoe Reef (No 1) (22-104a)",2.1478227176412,0.44047619047619,25,152.58039856,-22.04248619,21146715.1
"Hoskyn Islands Reef (23-080)",0.0129291061190596,0,17,152.28726196,-23.8077755,8848838.091
"Houghton Reef (14-094)",0,0,4,144.97320557,-14.52409172,891771.4978
"Howard Patch (No 1) (22-148a)",15.0909090909091,0.272727272727273,4,152.59686279,-22.3952713,1746428.169
"Howard Patch (No 2) (22-148b)",4.76422764227642,0.195121951219512,4,152.65293884,-22.3807354,13083066.12
"Howie Reef (17-018a)",0.0636782972733737,0.0203735144312394,8,146.38508606,-17.39389038,86424955.66
"Hutchison Reef (17-043c)",0,0,4,146.16906738,-17.67407036,216889.6655
"Hyde Reef (19-207)",0.00277777777777778,0,24,150.08551025,-19.75622559,7974073.723
"Ingram-Beanley Reef (14-064)",0.0366681968216495,0.0317391304347826,6,144.88970947,-14.42552853,6734213.148
"Irene Reef (15-084)",0.274255486321028,0.0184210526315789,13,145.71505737,-15.64757061,12013249.45
"Jacqueline Reef (19-061)",0.0126986055544466,0,9,148.90376282,-19.21391678,5797360.864
"Jaguar Reef (18-120)",0.0104104104104104,0,9,148.42677307,-18.9756794,3522021.054
"Jenkins Reef (21-584)",0.651649474408095,0.0256410256410256,9,152.59945679,-21.95517349,3536343.586
"Jessie-Kent Reef (17-043a)",0,0,5,146.17663574,-17.67463112,776362.5123
"Jewell Reef (14-079)",0.00135869565217391,0,4,145.35128784,-14.37976837,49592265.05
"Joan Reef (13-128)",0,0,6,144.34959412,-13.94645691,1326416.645
"John Brewer Reef (18-075)",1.47407012164048,0.00840336134453781,35,147.05296326,-18.63109779,24587672.61
"Judith Wright Reef (18-101)",0.122287372757362,0.023696682464455,9,147.95126343,-18.89966774,39646138.09
"Jupiter Reef (18-115)",0,0,6,148.25306702,-18.92404175,2568013.226
"Kangaroo Reef (East) (19-063a)",0.00919678714859438,0,8,148.61715698,-19.26265907,106622026
"Kangaroo Reef (West) (19-063b)",0.00892857142857143,0,8,148.55070496,-19.25987816,2494421.948
"Kay Reef (12-010)",0.0277902174453899,0,11,143.28630066,-12.23149204,9478766.326
"Keeper Reef (18-079)",3.65318400110399,0.0408163265306122,17,147.26829529,-18.74611664,7178492.702
"Kelso Reef (18-030)",0.335446246644709,0.00763358778625954,15,146.99006653,-18.43645859,12846085.25
"Knife Reef (18-081)",0.197481119703342,0,18,147.57148743,-18.57635307,16204769.64
"Lady Elliot Island Reef (24-008)",0.0139261784984559,0.0159272558786053,6,152.71542358,-24.11328316,2535900.429
"Lady Musgrave Reef (23-082a)",0.0621932823115194,0.0166666666666667,29,152.38720703,-23.90178299,29521753.43
"Lagoon Reef (12-061)",0.0010989010989011,0,14,143.75706482,-12.38443565,17466048.29
"Lamont Reef (23-076)",0.123832157320818,0.0871110899026532,6,152.0274353,-23.59870148,15245565.06
"Langford-Bird Reef (20-019)",0.00944683908045977,0,16,148.87759399,-20.0883007,1915270.281
"Lark Reef (15-033)",0.37304163632136,0.00862435918790369,8,145.5735321,-15.28826046,68455180.65
"Lena Reef (15-085)",0,0,12,145.80799866,-15.64650345,8373044
"Line Reef (19-128)",0,0,4,149.18353271,-19.68999863,43267465.1
"Linnet Reef (14-126)",0.111441528932068,0,34,145.34443665,-14.78665161,3831680.402
"Little Fitzroy Island Reef (16-055)",0.0333333333333333,0,5,146.00578308,-16.92298126,104679.1258
"Little Kelso Reef (18-031)",0.392529205719433,0,17,146.99305725,-18.46914101,4695704.891
"Lizard Island Reef (Coconut Bay) (14-116c)",0,0,6,145.47232056,-14.68106556,620530.8054
"Lizard Island Reef (Lagoon) (14-116d)",0.00952380952380952,0,7,145.44981384,-14.68557739,9131347.37
"Lizard Island Reef (North East) (14-116b)",0.0281759483454399,0.0169491525423729,7,145.46611023,-14.65501785,1845044.206
"Lizard Island Reef (North West) (14-116a)",0.228072763304005,0.0219727891156463,28,145.44694519,-14.65856457,2030063.833
"Llewellyn Reef (23-078)",0.0378018119768918,0.0242718446601942,7,152.18093872,-23.69460678,22714312.01
"Lodestone Reef (18-078)",2.41871160160953,0.0421610169491525,16,147.10308838,-18.69019508,8720343.895
"Log Reef (South) (12-107)",0,0,4,143.84440613,-12.68454933,11068144.79
"Long Reef (15-019)",0.0808672065998441,0.0188679245283019,7,145.57000732,-15.05088806,11166794.22
"Low Islands Reef (16-028)",0.013172470836542,0,25,145.56443787,-16.38615227,2343205.016
"Lynchs Reef (18-091)",0.102549601011275,0.0158730158730159,9,147.70838928,-18.7698307,42276835.76
"MacGillivray Reef (14-114)",0.118709987982434,0,33,145.49102783,-14.6519022,915976.0766
"Mackay Reef (16-015)",0.0909088375392723,0,26,145.64700317,-16.04948044,6187118.395
"Mackay Reefs (15-024)",0.226257217637937,0.0185185185185185,13,145.57130432,-15.13893986,32466961.45
"Mantis Reef (12-056)",0,0,5,143.89825439,-12.28798294,28077242.72
"Maori Reef (17-006)",0.0506265664160401,0,8,146.34466553,-17.09428787,33672425.03
"Martin Reef (14-123)",0.102678495158525,0.00975420321637427,30,145.35552979,-14.76314163,10908626.43
"Marx Reef (15-027)",0.2188493130227,0,18,145.62117004,-15.19776058,1350640.903
"Mast Head Reef (23-069)",0,0,12,151.72671509,-23.52691841,37918589.59
"McCulloch Reef (No 1) (17-016a)",0.134601776880209,0,10,146.44169617,-17.28788376,26236407.7
"McSweeney Reef (11-016)",0.0803959131545338,0.075,6,143.24269104,-11.02305126,5304091.546
"Michaelmas Reef (16-060)",0.0157529733683403,0,31,146.01898193,-16.5817585,33220146.44
"Mid Reef (19-029)",2.26976926523297,0.904793906810036,6,148.0774231,-19.07060051,5625519.901
"Middle Banks (11-222a)",0.0140692640692641,0,10,143.50505066,-11.76433372,192548384.6
"Milln Reef (16-067)",0.00523809523809524,0,10,146.2653656,-16.77837372,24915551.71
"Monsoon Reef (11-029)",0.0592901234567901,0.0408333333333333,6,143.25291443,-11.12877846,4271488.762
"Moore Reef (16-071)",0.0250811517595743,0,20,146.21296692,-16.87431526,43003292.95
"Morning Reef (15-098)",0.121875,0,8,145.6651001,-15.97551823,14000875.46
"Moss Reef (17-068)",0.00161030595813205,0,9,146.79472351,-17.94563866,6956890.417
"Myrmidon Reef (18-034)",0.000805152979066023,0,27,147.38424683,-18.26569939,10703954.4
"Mystery Reef (21-258)",0.00409836065573771,0,4,152.01708984,-21.37743568,11814223.09
"Nathan Reef (17-035)",0.111624892460799,0.00304878048780488,10,146.51774597,-17.52473259,45877589.09
"No 10 Patches (No 2) (14-152)",0,0,11,145.68173218,-14.93192387,1809813.305
"No Name Reef (14-139)",0,0,31,145.64628601,-14.64376545,8742682.733
"Noggin Reef (17-008)",0.0200517946537407,0,14,146.46858215,-17.12631226,12425179.69
"Noreaster Reef (17-062)",0.895371913502105,0.0374331550802139,6,146.65055847,-17.77948189,44793290.81
"Norman Reef (16-030)",0.00451388888888889,0,20,145.99674988,-16.42810822,5284001.446
"Normanby-Mabel Reef (17-012)",0.00588235294117647,0,15,146.07714844,-17.20950317,970537.1152
"North Direction Reef (14-143)",0.0872963465455726,0,30,145.51068115,-14.74591541,691824.0823
"North Reef (North) (23-045a)",0,0,10,151.90402222,-23.18507195,5559120.642
"North West Island Reef (23-049)",0,0,4,151.77075195,-23.29514885,89375520.21
"Nymph Reef (14-115)",0.156659765355418,0,6,145.25215149,-14.65499687,1309630.301
"Obstruction Reef (21-552)",0.915314401622718,0.5,6,152.46665955,-21.96283913,711383.5601
"Ogilvie Reef (13-076)",0.00409836065573771,0,4,143.79095459,-13.52589226,37560882.42
"Old Reef (19-048)",5.8497435116017,0.161764705882353,5,148.08943176,-19.38344193,83373510.13
"One Tree Island Reef (23-055a)",0.0600105327471667,0,26,152.06114197,-23.4956665,28607035.58
"Opal Reef (16-025)",0.0896895579369255,0,24,145.8896637,-16.22089005,28536925.1
"Osborne Reef (13-006)",0.0583909490886235,0,10,143.62623596,-13.04178429,5728451.881
"Osterlund Reef (15-078)",0.178502879078695,0,4,145.53218079,-15.55632114,57142825.27
"Otter Reef (18-018)",0.0327456652657242,0.00253807106598985,6,146.55886841,-18.05222702,151479148.1
"Outlier Reef (19-120)",0,0,5,149.35287476,-19.54730606,7615799.827
"Oyster Reef (16-043a)",0.0273095698627614,0,11,145.93276978,-16.63996506,17708772.93
"Packer Reefs (20-145)",0.0034965034965035,0,11,150.20411682,-20.47503471,2799328.727
"Pasco Reef (15-018)",0.158937198067633,0,5,145.53305054,-15.04456997,2490762.691
"Pearson Reef (11-211)",0.0622561154560465,0,11,143.71586609,-11.56678677,3370359.247
"Peart Reef (17-024)",0.257539192833311,0,17,146.39112854,-17.48226547,16621028.28
"Pelican Island Reef (13-107)",0,0,6,143.84161377,-13.91487694,4186325.186
"Pellowe Reef (16-070)",0,0,6,146.35768127,-16.85753441,8083862.979
"Penrith Reef (21-025)",0,0,5,149.89796448,-21.01667213,4112704.395
"Pickersgill Reef (15-093)",0.142463078391979,0,24,145.57443237,-15.87277699,18820498.55
"Pike Reef (21-549)",0.00123076923076923,0,5,152.42330933,-21.94807434,14918809.17
"Pith Reef (18-033)",0.04,0,6,147.01611328,-18.20892143,27019362.66
"Pixie Reef (16-040)",0.030187074829932,0,14,145.86245728,-16.54697227,608856.8263
"Plaster Reef (19-147)",0.0116666666666667,0,6,149.66975403,-19.62962532,16329735.06
"Pollux Reef (19-027)",1.04308823529412,0.0625,5,148.30413818,-19.04730606,10251123.4
"Pompey Reef (No 1) (20-351a)",0,0,10,150.53518677,-20.9407692,20636628.9
"Pompey Reef (No 2) (20-351b)",0,0,10,150.52845764,-20.98368073,8329974.813
"Potter Reef (No 1) (17-059a)",0.895267857472927,0.0333333333333333,13,146.54440308,-17.69752693,20678255.56
"Poulson Reef (21-548)",0.0238095238095238,0,4,152.45889282,-21.93623352,3125462.973
"Prawn Reef (19-024)",0.0119247952106826,0,9,148.09669495,-19.02057266,31211308.04
"Quoin Reef (12-027)",0.24702380952381,0.0714285714285714,8,143.49861145,-12.4230938,31250694.17
"Rachel Carson Reef (15-092)",0,0,9,145.81944275,-15.82970524,6466316.886
"Rafter Reef (19-146)",0,0,7,149.6325531,-19.61058044,11271248.13
"Rebe Reef (19-209)",0,0,21,150.15289307,-19.79887581,7452974.707
"Recreation Reef (21-501)",0.189689921040446,0.103968253968254,6,152.44134521,-21.6783886,5060113.928
"Reg Ward Reef (18-017)",0.00796825396825397,0.00793650793650794,4,146.7850647,-18.03201485,3141819.953
"Rib Reef (18-032)",0.818364031362181,0,34,146.8711853,-18.48267555,10444160.9
"Ribbon No 1 Reef (15-080)",0,0,9,145.80508423,-15.60583305,3483791.342
"Ribbon No 10 Reef (14-146)",0,0,4,145.69813538,-14.82720089,133912404
"Ribbon No 2 Reef (No 1) (15-075a)",0,0,6,145.79620361,-15.55718899,11966234.46
"Ribbon No 3 Reef (15-050)",0,0,11,145.80554199,-15.48834705,11994023.03
"Ribbon No 4 Reef (15-046)",0,0,7,145.8008728,-15.43488216,10036879.82
"Ribbon No 5 Reef (15-038)",0,0,6,145.78292847,-15.36378002,10272046.28
"Ribbon No 6 Reef (15-032)",0,0,9,145.75184631,-15.28094673,9565399.362
"Ribbon No 7 Reef (15-026)",0,0,4,145.7383728,-15.18930244,17563467.41
"Ribbon No 8 Reef (15-021a)",0,0,5,145.72372437,-15.07281303,16402058.94
"Ribbon No 9 Reef (14-154)",0,0,12,145.70335388,-14.99295044,21525626.45
"Rocky Islets Reef (14-132a)",0.57608764436007,0.00581395348837209,6,145.47993469,-14.85496998,6132186.481
"Rodda Reef (13-127)",0.0999249497369798,0,26,144.35662842,-13.92119122,5290743.702
"Rosser Reef (15-081)",0.186130258390828,0,13,145.51507568,-15.60728073,9599238.615
"Round-Russell Reef (17-013)",0.0132107023411371,0,13,146.09152222,-17.22398567,963189.6845
"Roxburgh Reef (18-042)",0,0,14,147.05809021,-18.43182755,23629780.53
"Ruby Reef (15-088)",0,0,12,145.78079224,-15.74977016,16825393.43
"Rudder Reef (16-023)",0.20750952475319,0,17,145.69342041,-16.19220161,48878669.85
"Sanctuary Reef (22-109)",0.690730335806638,0.385964912280702,7,152.67567444,-22.06676674,7831692.228
"Sand Bank No 1 Reef (14-045)",0,0,10,144.89193726,-14.20033455,6083884.332
"Sand Bank No 8 Reef (13-056)",0,0,6,143.96214294,-13.36719513,2586177.369
"Sandshoe Reef (22-133)",4.54724176891088,1.51809464893288,4,152.75704956,-22.20902634,6414884.109
"Saville-Kent Reef (18-099)",0.399460575657466,0,14,147.88334656,-18.85930061,23939323.95
"Saxon Reef (16-032)",0.00128369704749679,0,19,145.99028015,-16.46511841,2869354.33
"Scott Reef (17-004)",0.0986113278202528,0,13,146.18499756,-17.07360649,19407515.24
"Second Small Reef (12-098)",0,0,7,143.79449463,-12.58212376,1441899.118
"Shell Reef (19-028)",2.11592962592963,0.0476190476190476,11,148.18159485,-19.05929375,3584812.631
"Showers Reef (19-076)",0.126688815060908,0,10,148.89859009,-19.49141884,8205639.444
"Shrimp Reef (18-118)",0.205841161051173,0.0157490079365079,18,148.05303955,-18.96915054,36721011.59
"Sinker Reef (19-133)",0.0142857142857143,0,7,149.19891357,-19.71930695,355143.3677
"Sir Charles Hardy Islands Reef (11-184c)",0.149337629788758,0.0238095238095238,7,143.4964447,-11.91147614,195405908.7
"Slate Reef (19-159)",0.00581399277051451,0,23,149.92649841,-19.66704559,3773037.161
"Small Lagoon Reef (21-572)",0.624842953447072,0,9,152.50921631,-21.87475014,5822345.699
"South Direction Reef (North) (14-147a)",0.159214405199085,0.0263157894736842,9,145.52357483,-14.82437229,1997546.579
"South Direction Reef (South) (14-147b)",0,0,5,145.52072144,-14.81170082,1327215.174
"St Crispin Reef (16-019)",0.00822650684553025,0,30,145.83328247,-16.10412598,42825358.34
"Stanley Reef (19-045)",1.04147439486525,0.0123456790123457,13,148.0796814,-19.29451752,69544882.49
"Stapleton Reef (14-054)",0.0628286093402372,0.0135135135135135,6,144.85919189,-14.32140255,5344979.638
"Startle Reefs (15-028)",0.593092757084708,0.0590070357095447,20,145.55651855,-15.20737457,21220597.02
"Sudbury Reef (No 1) (17-001a)",0.0295573049407348,0.00331858407079646,8,146.2049408,-16.99837875,89676168.6
"Sweetlip Reef (22-140)",1.38185977183229,0.451616266944734,4,152.73731995,-22.27070427,21807939.55
"Swinger Reef (15-030)",0.438391652207442,0,19,145.53718567,-15.24224567,5268762.679
"Switzer Reef (14-061)",0.0197047397047397,0.00666666666666667,6,144.75698853,-14.36003113,15863161.31
"Sykes Reef (23-054)",0.0992232353803483,0.046218487394958,7,152.03375244,-23.43322182,18800800
"Sylvan Reef (16-017)",0.234617864405098,0,11,145.72079468,-16.07977295,1290414
"Taylor Reef (17-064)",1.76780617771922,0,15,146.54951477,-17.83285522,17939722.88
"Tern Reef (20-309)",2.44799484448952,0.0172413793103448,10,150.03265381,-20.90947533,3078293.992
"Thetford Reef (16-068)",0.040774099598709,0,30,146.18086243,-16.80299377,12838840.4
"Thomas Reef (21-497)",0,0,5,152.34248352,-21.66396904,26563742.63
"Three Islands Reef (15-005)",0.336101398601399,0,8,145.4223938,-15.11523628,1653061.675
"Tideway Reef (No 1) (19-205a)",0.00384615384615385,0,5,149.72459412,-20.01020241,15225524.12
"Tongue Reef (16-026)",0.0245615304342408,0.00259856958955276,18,145.79255676,-16.3209343,260078755
"Trunk Reef (18-027)",0.784533624983468,0.0284237726098191,9,146.83181763,-18.35411644,121503180.5
"Turner Reef (21-562)",2.73415033214898,0,20,152.5587616,-21.71955299,9676211.384
"Turtle Group Reef (No 2) (14-120b)",0,0,4,145.1991272,-14.73466969,790924.6745
"Turtle Reef (21-519)",0,0,4,152.38275146,-21.7998085,15765703.39
"Twins Reef (East) (22-146b)",2.8125,0,4,152.56051636,-22.37986755,2655245.457
"Twins Reef (West) (22-146a)",1.60294117647059,0,4,152.54454041,-22.3670311,7318108.976
"Two Islands Reef (15-002)",0.472459167241776,0,14,145.44151306,-15.02282429,1876194.975
"Tydeman Reef (13-133)",0,0,14,144.52000427,-13.98367882,13744350.94
"U/N Reef (11-049)",0.223206122062829,0.0944444444444444,6,143.33546448,-11.36095428,3977814.943
"U/N Reef (11-162)",0.0129032258064516,0,5,143.29081726,-11.60404396,3417309.93
"U/N Reef (12-071)",0.00757575757575758,0,6,143.77137756,-12.48882198,2603146.179
"U/N Reef (13-040)",0,0,6,143.94644165,-13.27411175,4417884.015
"U/N Reef (13-063)",0.0476866367362657,0.032258064516129,5,143.81530762,-13.42310429,21421037.51
"U/N Reef (13-121)",0,0,9,144.26705933,-13.78010464,4342084.64
"U/N Reef (13-124)",0.0657883438589585,0.0517857142857143,22,144.07878113,-13.85309219,20697087.62
"U/N Reef (14-056)",0.0142178608936851,0,13,144.95561218,-14.32808208,12187890.17
"U/N Reef (14-075)",0.0194444444444444,0,8,145.16496277,-14.28916931,8736482.79
"U/N Reef (14-132b)",0.636771191544753,0.0119047619047619,6,145.52761841,-14.8655138,6753804.563
"U/N Reef (14-132c)",0.466666666666667,0,5,145.48886108,-14.86948586,182281.3867
"U/N Reef (14-133)",0.803272575883183,0.0340056285178236,8,145.51600647,-14.91681099,5581242.029
"U/N Reef (14-142)",0,0,4,145.58253479,-14.73134422,513892.0925
"U/N Reef (14-145)",0.31486568986569,0.0912698412698413,4,145.58654785,-14.78984928,6125076.791
"U/N Reef (14-149)",0.165472233971841,0.0151549942594719,4,145.61833191,-14.84252357,54990690.1
"U/N Reef (15-022)",0.764785289115646,0.0462372448979592,4,145.63641357,-15.0979948,5891840.481
"U/N Reef (15-023)",0.0166666666666667,0,4,145.67022705,-15.09437656,3683941.152
"U/N Reef (15-034)",0,0,8,145.76364136,-15.31300926,4083649.578
"U/N Reef (15-043)",0.0228384019081693,0,5,145.50831604,-15.42865181,31948904.45
"U/N Reef (15-047)",0.216493540317722,0.0434782608695652,13,145.67703247,-15.46156597,4453618.332
"U/N Reef (15-077)",0.526002280376289,0.0128205128205128,12,145.64950562,-15.55839443,6254870.722
"U/N Reef (16-013a)",0,0,9,145.79371643,-16.01890564,432974.0331
"U/N Reef (16-013b)",0,0,9,145.80805969,-16.01919937,361079.8609
"U/N Reef (16-013c)",0.101851851851852,0,9,145.80764771,-16.03413773,85394.52694
"U/N Reef (16-027)",0.0125,0,8,145.76490784,-16.35203362,5450558.451
"U/N Reef (16-054f)",0,0,6,145.98852539,-16.9413929,173154.3604
"U/N Reef (16-054g)",0,0,6,146.00166321,-16.93380928,46331.45281
"U/N Reef (18-023)",9.87321667018062,0,9,146.96673584,-18.13350868,4305295.033
"U/N Reef (18-025)",0.0586896551724138,0,5,146.89807129,-18.26096916,4787176.638
"U/N Reef (19-131a)",0.000293427230046948,0,24,149.36825562,-19.76073265,4098328.542
"U/N Reef (19-138)",0.0203338967016993,0,28,149.42539978,-19.80061722,2656204.631
"U/N Reef (19-188)",0,0,4,149.76205444,-19.78318405,3836067.384
"U/N Reef (20-104)",0.439931512189037,0,26,149.68804932,-20.03160477,2723310.653
"U/N Reef (20-348)",0.00407747196738022,0,9,150.95317078,-20.88706779,12876854.35
"U/N Reef (20-353)",0.012991452991453,0,9,150.91795349,-20.96454239,7311372.968
"U/N Reef (20-354)",0.0224608724608725,0,10,150.95201111,-20.97310638,1137262.411
"U/N Reef (21-060)",0.526269560594503,0,9,150.59155273,-21.01289177,1618848.008
"U/N Reef (21-062)",0.395163206947406,0.151098901098901,8,150.8651123,-21.03121948,5051734.957
"U/N Reef (21-064)",0.499397860593513,0.148695652173913,10,150.77798462,-21.05713272,2418481.06
"U/N Reef (21-074)",0.00774463631606489,0,7,150.84495544,-21.15646553,4977053.473
"U/N Reef (21-104)",0,0,5,151.23789978,-21.09609222,18728997.45
"U/N Reef (21-137)",0,0,4,151.41903687,-21.40195084,1881109.31
"U/N Reef (21-139)",0.00178197064989518,0,12,151.46914673,-21.47309494,14339010.37
"U/N Reef (21-140)",0,0,8,151.2865448,-21.48459435,5733526.44
"U/N Reef (21-186)",0.0068342151675485,0,7,151.79299927,-21.41065025,13602022.74
"U/N Reef (21-187)",0.168045101155305,0.0529891304347826,12,151.64750671,-21.41942215,17119863.37
"U/N Reef (21-245)",0.0170023842859728,0.0170952659263589,8,152.43687439,-21.30537796,4733923.363
"U/N Reef (21-266)",0,0,4,152.12767029,-21.43675041,9418545.46
"U/N Reef (21-278)",0,0,7,152.54450989,-21.10451126,3583276.24
"U/N Reef (21-286)",0.0283150183150183,0.0328205128205128,4,152.51199341,-21.17564964,5331318.919
"U/N Reef (21-296)",0,0,7,152.55335999,-21.33865738,6047972.799
"U/N Reef (21-302)",0,0,7,152.58131409,-21.43224525,4572939.777
"U/N Reef (21-460)",0,0,5,151.74217224,-21.71146393,21827965.65
"U/N Reef (21-464)",0.0044390243902439,0,5,151.77368164,-21.75589371,11413621.98
"U/N Reef (21-465)",0.344125783606807,0.0661779324055666,6,151.88204956,-21.80438995,32416108.82
"U/N Reef (21-466)",0.00381957788566364,0.00289017341040462,4,151.98693848,-21.83785439,24010089.54
"U/N Reef (21-467)",0.00155763239875389,0,6,151.92630005,-21.8867054,10462782.89
"U/N Reef (21-512)",0.0114285714285714,0,5,152.33453369,-21.75823021,11853774.6
"U/N Reef (21-526)",0.00420168067226891,0,7,152.31219482,-21.83160782,20257809.49
"U/N Reef (21-529)",0,0,26,152.17295837,-21.8669281,6721661.821
"U/N Reef (21-539)",0,0,4,152.27110291,-21.94011307,16567354.6
"U/N Reef (21-542)",0.0384615384615385,0.0384615384615385,4,152.46600342,-21.91745758,3083956.373
"U/N Reef (21-544)",0.00382694659600489,0,5,152.10873413,-21.92170143,20325067.31
"U/N Reef (21-550)",0.0444444444444444,0,12,152.31266785,-21.95143318,7869827.092
"U/N Reef (21-551)",0.190311962453221,0.0622429278938974,6,152.0556488,-21.96060562,21972997
"U/N Reef (21-554)",0,0,5,152.3745575,-21.97977829,10155829.02
"U/N Reef (21-555)",4.34775128658839,1.66281279695914,4,152.23217773,-21.97902107,8842924.296
"U/N Reef (21-557)",2.7297619047619,1,7,152.46405029,-21.98226166,161294.8276
"U/N Reef (21-558)",0.0887472992017577,0.0188679245283019,9,152.54571533,-21.54859161,8901404.591
"U/N Reef (21-591)",0.0448275862068966,0,10,150.37242126,-21.02275085,5728112.526
"U/N Reef (22-084)",0.593348869481274,0,14,152.46496582,-21.99973488,1518669.479
"U/N Reef (22-085)",2.72997222101022,0.0256410256410256,5,152.34616089,-22.01666451,4336902.435
"U/N Reef (22-088a)",0.497550302290945,0,26,152.15774536,-22.02577591,16585889.85
"U/N Reef (22-110)",0.536111111111111,0.125,5,152.59646606,-22.06586647,669306.2857
"U/N Reef (22-112)",1.01025641025641,0.230769230769231,7,152.59587097,-22.08454323,1318499.231
"U/N Reef (22-113)",7.26015067862894,0.0434782608695652,5,152.64712524,-22.09456444,1728330.225
"U/N Reef (22-114)",0.672587719298246,0.333333333333333,5,152.62452698,-22.10386276,1212320.191
"U/N Reef (22-117)",3.00719280719281,0.0909090909090909,5,152.60931396,-22.12369537,1450629.644
"U/N Reef (22-118)",3.23020186335404,0,7,152.62887573,-22.12538719,2824314.699
"U/N Reef (22-123)",1.96969696969697,0,4,152.59759521,-22.14977264,5308845.103
"U/N Reef (22-139)",2.00833333333333,0,4,152.60469055,-22.26438522,6325865.994
"U/N Reef (22-143)",1.85041694578676,0.0149253731343284,9,152.72900391,-22.32504654,8495924.395
"U/N Reef (22-144)",0.803526821297625,0.110975609756098,10,152.68025208,-22.33198547,4812431.534
"U/N Reef (22-147a)",2.47840073529412,1.19117647058824,4,152.70628357,-22.36080551,2993877.058
"Undine Reef (East) (16-020b)",0.0131628787878788,0,8,145.77542114,-16.11724091,19062893.01
"Undine Reef (West) (16-020a)",0.0549442967969765,0,15,145.68716431,-16.12334633,34946657.95
"Upolu Reef (16-046)",0.0296666666666667,0,10,145.93695068,-16.67423248,14686240.78
"Vicki Harriott Reef (15-070)",0.226344086021505,0.00645161290322581,4,145.61799622,-15.50250721,12300970.02
"Viper Reef (18-112)",0.012670647399421,0,16,148.15063477,-18.87314415,2474707.379
"Vlasoff Reef (16-044b)",0.0788600470430108,0,16,145.99284363,-16.65520287,9685979.495
"Wade Reef (21-588)",0.106599954130916,0,12,152.64883423,-21.98545456,2154729.666
"Walker Reef (18-026)",0.790730250337782,0.0328947368421053,8,146.74464417,-18.32501411,27887488.96
"Wansfell Reef (19-098)",0.00242130750605327,0,7,149.11933899,-19.50007629,4927024.463
"Wardle Reef (17-032)",0.0234176985108353,0,22,146.55096436,-17.42048264,12201072.07
"Wheeler Reef (18-095)",0.658632271033325,0,25,147.52622986,-18.79788971,2904542.034
"Wilson Island Reef (23-050)",0.0227573313556441,0.0119047619047619,5,151.89030457,-23.29052353,47188198.74
"Wilson Reef (13-129)",0,0,4,144.40107727,-13.95244312,16370303.58
"Wilson Reef (22-086)",1.7677033492823,0.0263157894736842,4,152.44837952,-22.01743889,3088348.927
"Wistari Reef (23-053)",0.000459558823529412,0,8,151.87670898,-23.46987534,37097610.74
"Wreck Island Reef (23-051)",0,0,23,151.96539307,-23.33036804,10816970.26
"Yamacutta Reef (17-066)",0.00593414076560144,0,7,146.58634949,-17.88853264,62553682.39
"Yankee Reef (18-074)",0.917254576104234,0.125703564727955,8,147.49894714,-18.56134033,6683161.008
"Yonge Reef (14-138)",0.000235904694503421,0,27,145.62347412,-14.59968185,13116466.24
