"reefName","outbreak","nObs","cotsPerTowMean","cotsPerTowMax","cotsPerTowMedian"
"(Big) Broadhurst Reef (No 1) (18-100a)",0,8,0.0375173981751929,0.127659574468085,0.0257189971275577
"(Little) Broadhurst Reef (18-106)",1,14,5.06961370970304,55.5873015873016,0.102889082462253
"Abrahams Reef (22-093)",1,4,3.69653172234524,12.2692307692308,1.25844806007509
"Adelaide Reef (17-042)",1,8,0.196547410151427,1.2,0.0224215246636771
"Agincourt Reefs (No 1) (15-099c)",0,28,0,0,0
"Agincourt Reefs (No 3) (15-099a)",1,13,0.0351170568561873,0.456521739130435,0
"Agincourt Reefs (No 4) (15-096)",0,14,0,0,0
"Andersen Reef (15-090)",0,10,0,0,0
"Arc Reef (18-070)",1,4,3.83116883116883,13.1428571428571,1.09090909090909
"Arlington Reef (16-064)",1,18,0.0363645597605996,0.423280423280423,0
"Ashmore Banks (No 1) (11-237a)",0,10,0,0,0
"Ashmore Banks (No 2) (11-237b)",0,10,0,0,0
"Ashmore Banks (No 3) (11-237c)",1,10,0.0307692307692308,0.307692307692308,0
"Bait Reef (19-137)",1,16,0.0412842428912716,0.224489795918367,0.0184453227931489
"Banfield Reef (North) (18-105a)",1,5,1.28411342964152,6.09523809523809,0.0714285714285714
"Banfield Reef (South) (18-105b)",1,5,0.358461538461538,1.69230769230769,0
"Barnett Patches (18-019)",0,8,0.00389264727563924,0.0122699386503067,0.00216645444255801
"Batt Reef (16-029)",1,10,0.0653704500757484,0.231707317073171,0.0137629645150186
"Beacon Reef (21-582)",1,1,11.5333333333333,11.5333333333333,11.5333333333333
"Beaver Reef (17-051)",1,17,0.160479747545204,2.3448275862069,0
"Bee Reef (15-057)",1,1,0.32,0.32,0.32
"Ben Reef (20-113)",0,23,0,0,0
"Blanchard Reef (13-060)",1,3,0.132147742499136,0.292929292929293,0.0943396226415094
"Blu-Lion Reef (21-566)",1,2,2.88938053097345,5.7787610619469,2.88938053097345
"Border Island Reef (No 1) (20-067a)",0,13,0,0,0
"Boulder Reef (15-012)",1,26,0.119686680766391,1.48148148148148,0
"Boult Reef (23-079)",1,13,0.0585409289142693,0.538461538461538,0.024390243902439
"Bowden Reef (19-019)",1,27,0.317666365974117,4.21428571428571,0.025974025974026
"Bramble Reef (18-029)",1,12,0.324300113522196,2.0887573964497,0
"Breaking Patches (16-042)",0,8,0,0,0
"Briggs Reef (No 1) (20-299d)",1,8,0.119791666666667,0.5,0.0555555555555556
"Britomart Reef (18-024)",1,8,1.26194248525437,9.83703703703704,0.000834724540901503
"Broomfield Reef (23-048)",0,30,0,0,0
"Bushy-Redbill Reef (20-310)",1,2,1.90163934426229,3.80327868852459,1.90163934426229
"Cairns Reef (15-086)",1,7,0.0840531561461794,0.588372093023256,0
"Cannan Reef (20-144)",1,11,0.075098814229249,0.826086956521739,0
"Carter Reef (14-137)",0,26,0.000452488687782805,0.0117647058823529,0
"Cayley Reef (17-023)",1,2,0.244444444444444,0.488888888888889,0.244444444444444
"Centipede Reef (18-088)",1,17,0.167161996866433,1.82456140350877,0.0149253731343284
"Charity Reef (19-047)",1,14,2.23548625075719,15.7567567567568,0
"Chesterman Reef (22-090)",1,4,2.14040616246499,4.23809523809524,2.07352941176471
"Chicken Reef (18-086)",1,34,0.311281160102858,3.95744680851064,0
"Chinaman Reef (16-024)",1,15,0.153232042313364,1.88,0
"Chinaman Reef (22-102)",1,31,2.11522058151594,37.2222222222222,0.075
"Circular Quay Reef (19-134)",1,5,0.263447951539555,0.866666666666667,0.05
"Clack Reef (14-017)",1,11,0.41225491253358,2.03125,0.11864406779661
"Coates Reef (17-011)",1,10,0.0858202558131686,0.783132530120482,0
"Conder Reef (19-219)",0,9,0.0319122968065255,0.130434782608696,0.0158730158730159
"Corbett Reef (14-016)",1,6,0.0380952380952381,0.228571428571429,0
"Creal Reef (20-297)",1,15,0.0464285714285714,0.476190476190476,0
"Credlin Reefs (East) (20-287)",1,26,0.383513486259447,7.16326530612245,0
"Creech Reef (North) (13-118a)",0,9,0.00274348422496571,0.0246913580246914,0
"Crotan Reef (19-031)",1,2,9.09280303030303,17.7272727272727,9.09280303030303
"Curd Reef (12-102)",1,11,0.288256625393722,2.68,0.032258064516129
"Davie Reef (13-130)",1,16,0.15978354978355,2.52380952380952,0
"Davies Reef (18-096)",1,33,0.179356211479377,2.28260869565217,0.027027027027027
"Dicks Reef (22-141)",1,9,0.315086276005816,1.6969696969697,0.0689655172413793
"Dip Reef (18-039)",1,24,0.190251572327044,4.56603773584906,0
"East Cay Reef (21-305)",1,25,0.0524330495134732,0.522388059701492,0
"Eddy Reef (17-047)",0,12,0.0290633612619712,0.160919540229885,0
"Egret Reef (15-013)",1,16,0.13246237889095,2.02040816326531,0
"Elford Reef (16-073)",0,10,0.0183637694170763,0.142857142857143,0
"Elizabeth Reef (19-082)",1,10,0.150144195275009,1.41860465116279,0
"Ellison Reef (17-044)",1,14,0.213900411557869,2.69491525423729,0
"Emily Reef (15-082)",1,5,0.747482123839951,3.64217252396166,0.0119047619047619
"Endeavour Reef (15-089)",1,6,0.255329419439008,1.52054794520548,0
"Erskine Reef (23-068)",0,13,0.00092678405931418,0.0120481927710843,0
"Escape Reef (15-094)",0,10,0,0,0
"Evening Reef (15-095)",1,17,0.191975795320573,2.30459770114943,0.02
"Eye Reef (14-134)",1,11,0.407692307692308,4.30769230769231,0
"Eyrie Reef (14-118)",1,17,0.100893087041992,0.850746268656716,0.0224719101123595
"Fairfax Islands Reef (23-081)",1,14,0.194488022313606,1.16216216216216,0.0203318995759739
"Faith Reef (19-044)",1,22,0.684384324382336,8.71052631578947,0.0317540322580645
"Fantome (Eumilli) Island Reef (18-053)",0,8,0,0,0
"Faraday Reef (18-041)",1,6,0.210144927536232,1,0
"Farquharson Reef (No 1) (17-063a)",1,13,0.18255724061124,1.73,0
"Feather Reef (17-034)",1,28,0.256264555962224,5.32608695652174,0
"Fitzroy Island Reef (No 1) (16-054a)",0,19,0.00430289739500266,0.03125,0
"Fitzroy Reef (23-077)",1,15,0.0890635982557845,0.5,0.0262582056892779
"Flora Reef (17-010)",1,16,0.192034966090673,1.42222222222222,0
"Fly Reef (14-109)",0,8,0.0301333708145927,0.0869565217391304,0.0208333333333333
"Flynn Reef (16-065)",0,11,0,0,0
"Follett Reef (21-586)",1,3,4.68582375478927,12.7241379310345,1.33333333333333
"Forbes Islands Reef (12-016b)",1,5,0.388092966916496,0.6,0.411764705882353
"Fore And Aft Reef (18-043)",1,19,0.323458462553633,4.33333333333333,0.0177165354330709
"Fork Reef (18-083)",1,13,0.0653396109936935,0.529411764705882,0
"Forrester Reef (15-009)",1,18,0.32582868708821,2.08219178082192,0.0214374482187241
"Frigate Reef (21-511)",1,7,0.187926473271301,1.10344827586207,0.037037037037037
"Gannett Cay Reef (21-556)",1,31,3.51352028938566,54.3333333333333,0.375
"Gater Reef (22-130)",1,4,2.90018939393939,10.3090909090909,0.645833333333333
"Gibson Reef (17-017)",1,11,0.0617560347746271,0.318181818181818,0
"Gilbey Reef (17-057)",1,8,1.17843311983298,6.06666666666667,0.0606382978723404
"Glow Reef (18-071)",1,5,1.74787878787879,4.8,0
"Green Island Reef (16-049)",1,31,0.0186766959618077,0.301724137931034,0
"Grub Reef (18-077)",1,16,0.861024350918205,7.01408450704225,0.0233062330623306
"Hackie Reef (22-099)",1,2,16.7107142857143,32.5714285714286,16.7107142857143
"Half Moon Reef (22-103)",1,1,7.54761904761905,7.54761904761905,7.54761904761905
"Half Tide Reef (21-564)",1,1,5.6551724137931,5.6551724137931,5.6551724137931
"Hardy Reef (19-135)",1,21,0.123611609193501,1.66165413533835,0.0075187969924812
"Hastings Reef (16-057)",1,31,0.0283809047327529,0.304,0
"Havannah Reef (18-065)",0,18,0,0,0
"Hayman Island Reef (20-014)",0,19,0.00350877192982456,0.0666666666666667,0
"Heart Reef (21-575)",1,1,11.2173913043478,11.2173913043478,11.2173913043478
"Hedley Reef (17-014)",1,16,0.0364587966442164,0.314553990610329,0
"Helix Reef (18-076)",1,22,1.09953644840008,16.45,0
"Helsdon Reef (14-135)",1,20,0.391734344354574,4.74496644295302,0.0235587583148559
"Herald No 1 (22-094)",1,2,2.39285714285714,4.5,2.39285714285714
"Heron Reef (23-052a)",0,8,0.027614232264025,0.050682261208577,0.0305298308967713
"Hilder Reef (14-085)",0,10,0,0,0
"Hill Reef (21-579)",1,1,5.6,5.6,5.6
"Hixson Cay Reef (22-145)",1,4,3.05,12,0.1
"Hook Reef (22-116)",1,3,6.30104463437797,17.8846153846154,1.01851851851852
"Hope Islands Reef (East) (15-065)",1,3,0.161904761904762,0.485714285714286,0
"Hope Reef (19-046)",1,6,0.204714640198511,0.615384615384615,0
"Hopkinson Reef (18-073)",1,12,2.44574841925383,18.921568627451,0.0210615891926391
"Horseshoe Reef (No 1) (22-104a)",1,25,2.1478227176412,15.6533333333333,0.44047619047619
"Hoskyn Islands Reef (23-080)",0,17,0.0129291061190596,0.111111111111111,0
"Howard Patch (No 1) (22-148a)",1,4,15.0909090909091,59.8181818181818,0.272727272727273
"Howard Patch (No 2) (22-148b)",1,4,4.76422764227642,18.6666666666667,0.195121951219512
"Howard Patch (No 3) (22-148c)",1,2,0.666666666666667,1.33333333333333,0.666666666666667
"Howie Reef (17-018a)",1,8,0.0636782972733737,0.247311827956989,0.0203735144312394
"Hyde Reef (19-207)",0,24,0.00277777777777778,0.0666666666666667,0
"Irene Reef (15-084)",1,13,0.274255486321028,1.68181818181818,0.0184210526315789
"Jacqueline Reef (19-061)",0,9,0.0126986055544466,0.0645161290322581,0
"Jaguar Reef (18-120)",0,9,0.0104104104104104,0.0666666666666667,0
"Jenkins Reef (21-584)",1,9,0.651649474408095,5.57333333333333,0.0256410256410256
"John Brewer Reef (18-075)",1,35,1.47407012164048,34.02,0.00840336134453781
"Judith Wright Reef (18-101)",1,9,0.122287372757362,0.7,0.023696682464455
"Junior Reef (22-122)",1,3,1.70666666666667,5.12,0
"Kangaroo Reef (East) (19-063a)",0,8,0.00919678714859438,0.0481927710843374,0
"Kangaroo Reef (West) (19-063b)",0,8,0.00892857142857143,0.0357142857142857,0
"Kay Reef (12-010)",1,11,0.0277902174453899,0.253968253968254,0
"Keeper Reef (18-079)",1,17,3.65318400110399,28.38,0.0408163265306122
"Kelso Reef (18-030)",1,15,0.335446246644709,2.43859649122807,0.00763358778625954
"Knife Reef (18-081)",1,18,0.197481119703342,2.66666666666667,0
"Lady Musgrave Reef (23-082a)",1,29,0.0621932823115194,0.397058823529412,0.0166666666666667
"Lagoon Reef (12-061)",0,14,0.0010989010989011,0.0153846153846154,0
"Lamont Reef (23-076)",1,6,0.123832157320818,0.357142857142857,0.0871110899026532
"Langford-Bird Reef (20-019)",0,16,0.00944683908045977,0.116666666666667,0
"Lark Reef (15-033)",1,8,0.37304163632136,2.89667896678967,0.00862435918790369
"Lavers Reef (21-235)",1,2,0.228301886792453,0.4,0.228301886792453
"Lena Reef (15-085)",0,12,0,0,0
"Linnet Reef (14-126)",1,34,0.111441528932068,0.971428571428571,0
"Little Kelso Reef (18-031)",1,17,0.392529205719433,4.36666666666667,0
"Littles Reef (21-589)",1,1,11.1333333333333,11.1333333333333,11.1333333333333
"Lizard Island Reef (North West) (14-116a)",1,28,0.228072763304005,1.92045454545455,0.0219727891156463
"Lodestone Reef (18-078)",1,16,2.41871160160953,21.1764705882353,0.0421610169491525
"Long Reef (15-019)",1,7,0.0808672065998441,0.266666666666667,0.0188679245283019
"Low Islands Reef (16-028)",0,25,0.013172470836542,0.206896551724138,0
"Lynchs Reef (18-091)",1,9,0.102549601011275,0.681159420289855,0.0158730158730159
"MacGillivray Reef (14-114)",1,33,0.118709987982434,0.857142857142857,0
"Mackay Reef (16-015)",1,26,0.0909088375392723,0.675,0
"Mackay Reefs (15-024)",1,13,0.226257217637937,1.56666666666667,0.0185185185185185
"Maori Reef (17-006)",1,8,0.0506265664160401,0.338345864661654,0
"Martin Reef (14-123)",1,30,0.102678495158525,0.8,0.00975420321637427
"Marx Reef (15-027)",1,18,0.2188493130227,2.48387096774194,0
"Mast Head Reef (23-069)",0,12,0,0,0
"McCulloch Reef (No 1) (17-016a)",1,10,0.134601776880209,1.32743362831858,0
"Michaelmas Reef (16-060)",0,31,0.0157529733683403,0.135135135135135,0
"Mid Reef (19-029)",1,6,2.26976926523297,8.34375,0.904793906810036
"Middle Banks (11-222a)",0,10,0.0140692640692641,0.0952380952380952,0
"Milln Reef (16-067)",0,10,0.00523809523809524,0.0357142857142857,0
"Moore Reef (16-071)",1,20,0.0250811517595743,0.233333333333333,0
"Morning Reef (15-098)",1,8,0.121875,0.608333333333333,0
"Moss Reef (17-068)",0,9,0.00161030595813205,0.0144927536231884,0
"Myrmidon Reef (18-034)",0,27,0.000805152979066023,0.0217391304347826,0
"Nathan Reef (17-035)",1,10,0.111624892460799,0.89873417721519,0.00304878048780488
"Needle Reef (18-037)",1,3,1.28070175438596,3.84210526315789,0
"No 10 Patches (No 2) (14-152)",0,11,0,0,0
"No Name Reef (14-139)",0,31,0,0,0
"Noggin Reef (17-008)",0,14,0.0200517946537407,0.142857142857143,0
"Noreaster Reef (17-062)",1,6,0.895371913502105,3.27142857142857,0.0374331550802139
"Norman Reef (16-030)",0,20,0.00451388888888889,0.0625,0
"Normanby-Mabel Reef (17-012)",0,15,0.00588235294117647,0.0882352941176471,0
"North Direction Reef (14-143)",1,30,0.0872963465455726,0.714285714285714,0
"North Reef (North) (23-045a)",0,10,0,0,0
"Nymph Reef (14-115)",1,6,0.156659765355418,0.80952380952381,0
"Obstruction Reef (21-552)",1,6,0.915314401622718,2.8448275862069,0.5
"Old Reef (19-048)",1,5,5.8497435116017,21.9194630872483,0.161764705882353
"One Tree Island Reef (23-055a)",1,26,0.0600105327471667,1.24242424242424,0
"Opal Reef (16-025)",1,24,0.0896895579369255,2,0
"Osborne Reef (13-006)",1,10,0.0583909490886235,0.351351351351351,0
"Osterlund Reef (15-078)",1,4,0.178502879078695,0.714011516314779,0
"Oyster Reef (16-043a)",1,11,0.0273095698627614,0.276595744680851,0
"Packer Reefs (20-145)",0,11,0.0034965034965035,0.0384615384615385,0
"Pasco Reef (15-018)",1,5,0.158937198067633,0.739130434782609,0
"Pearson Reef (11-211)",1,11,0.0622561154560465,0.294117647058824,0
"Peart Reef (17-024)",1,17,0.257539192833311,3.24786324786325,0
"Pickersgill Reef (15-093)",1,24,0.142463078391979,2.00502512562814,0
"Pith Reef (18-033)",1,6,0.04,0.24,0
"Pixie Reef (16-040)",0,14,0.030187074829932,0.208333333333333,0
"Pollux Reef (19-027)",1,5,1.04308823529412,4.8,0.0625
"Pompey Reef (No 1) (20-351a)",0,10,0,0,0
"Pompey Reef (No 2) (20-351b)",0,10,0,0,0
"Potter Reef (No 1) (17-059a)",1,13,0.895267857472927,5.8,0.0333333333333333
"Prawn Reef (19-024)",0,9,0.0119247952106826,0.0447761194029851,0
"Price Cay Reef (21-518)",1,3,1,3,0
"Quoin Reef (12-027)",1,8,0.24702380952381,1,0.0714285714285714
"Rachel Carson Reef (15-092)",0,9,0,0,0
"Rebe Reef (19-209)",0,21,0,0,0
"Recreation Reef (21-501)",1,6,0.189689921040446,0.518796992481203,0.103968253968254
"Rib Reef (18-032)",1,34,0.818364031362181,8.54545454545454,0
"Ribbon No 1 Reef (15-080)",0,9,0,0,0
"Ribbon No 3 Reef (15-050)",0,11,0,0,0
"Ribbon No 6 Reef (15-032)",0,9,0,0,0
"Ribbon No 9 Reef (14-154)",0,12,0,0,0
"Rocky Islets Reef (14-132a)",1,6,0.57608764436007,3.24489795918367,0.00581395348837209
"Rodda Reef (13-127)",1,26,0.0999249497369798,1.13888888888889,0
"Ron Isbel Reef (22-108)",1,3,3.03787878787879,8.36363636363636,0.75
"Rosser Reef (15-081)",1,13,0.186130258390828,1.20779220779221,0
"Round-Russell Reef (17-013)",0,13,0.0132107023411371,0.0833333333333333,0
"Roxburgh Reef (18-042)",0,14,0,0,0
"Ruby Reef (15-088)",0,12,0,0,0
"Rudder Reef (16-023)",1,17,0.20750952475319,1.70434782608696,0
"Sanctuary Reef (22-109)",1,7,0.690730335806638,2.92517006802721,0.385964912280702
"Sand Bank No 1 Reef (14-045)",0,10,0,0,0
"Sandshoe Reef (22-133)",1,4,4.54724176891088,15.1527777777778,1.51809464893288
"Saville-Kent Reef (18-099)",1,14,0.399460575657466,4.94444444444444,0
"Saxon Reef (16-032)",0,19,0.00128369704749679,0.024390243902439,0
"Scott Reef (17-004)",1,13,0.0986113278202528,0.913793103448276,0
"Shell Reef (19-028)",1,11,2.11592962592963,20.2222222222222,0.0476190476190476
"Showers Reef (19-076)",1,10,0.126688815060908,0.790697674418605,0
"Shrimp Reef (18-118)",1,18,0.205841161051173,3.27450980392157,0.0157490079365079
"Sinker Reef (22-121)",1,1,185.47619047619,185.47619047619,185.47619047619
"Sir Charles Hardy Islands Reef (11-184c)",1,7,0.149337629788758,0.738095238095238,0.0238095238095238
"Slate Reef (19-159)",0,23,0.00581399277051451,0.0303030303030303,0
"Small Lagoon Reef (21-572)",1,9,0.624842953447072,4.1304347826087,0
"South Direction Reef (North) (14-147a)",1,9,0.159214405199085,1.22222222222222,0.0263157894736842
"South Hixson Reef (22-147b)",1,2,6.79411764705882,13.5882352941176,6.79411764705882
"Spitfire Reefs (East) (16-012b)",1,3,1.86868686868687,5.60606060606061,0
"Spitfire Reefs (West) (16-012a)",1,1,0.333333333333333,0.333333333333333,0.333333333333333
"St Crispin Reef (16-019)",0,30,0.00822650684553025,0.188888888888889,0
"Stanley Reef (19-045)",1,13,1.04147439486525,11.08,0.0123456790123457
"Stapleton Reef (14-054)",1,6,0.0628286093402372,0.302325581395349,0.0135135135135135
"Startle Reefs (15-028)",1,20,0.593092757084708,6.88524590163934,0.0590070357095447
"Stevens Reef (17-005)",1,2,0.176923076923077,0.353846153846154,0.176923076923077
"Sudbury Reef (No 1) (17-001a)",0,8,0.0295573049407348,0.176470588235294,0.00331858407079646
"Sunray Reef (22-131)",1,1,35.1538461538462,35.1538461538462,35.1538461538462
"Sweetlip Reef (22-140)",1,4,1.38185977183229,4.60696517412935,0.451616266944734
"Swinger Reef (15-030)",1,19,0.438391652207442,4.875,0
"Sykes Reef (23-054)",1,7,0.0992232353803483,0.379310344827586,0.046218487394958
"Sylvan Reef (16-017)",1,11,0.234617864405098,1,0
"Taiwan Reef (22-124)",1,3,6.67111111111111,18.68,1.33333333333333
"Taylor Reef (17-064)",1,15,1.76780617771922,18.1666666666667,0
"Tern Reef (20-309)",1,10,2.44799484448952,15.7058823529412,0.0172413793103448
"Thetford Reef (16-068)",1,30,0.040774099598709,0.619047619047619,0
"Three Islands Reef (15-005)",1,8,0.336101398601399,2.13636363636364,0
"Tongue Reef (16-026)",0,18,0.0245615304342408,0.149484536082474,0.00259856958955276
"Trunk Reef (18-027)",1,9,0.784533624983468,4.56976744186047,0.0284237726098191
"Turner Reef (21-562)",1,21,2.89079007374476,24.48,0
"Twins Reef (East) (22-146b)",1,4,2.8125,11.25,0
"Twins Reef (West) (22-146a)",1,4,1.60294117647059,6.41176470588235,0
"Two Islands Reef (15-002)",1,14,0.472459167241776,3.6,0
"Tydeman Reef (13-133)",0,14,0,0,0
"U/N Reef (10-371)",1,2,0.133333333333333,0.266666666666667,0.133333333333333
"U/N Reef (11-039)",1,2,0.25,0.5,0.25
"U/N Reef (11-049)",1,6,0.223206122062829,0.780487804878049,0.0944444444444444
"U/N Reef (13-121)",0,9,0,0,0
"U/N Reef (13-124)",1,22,0.0657883438589585,0.412698412698413,0.0517857142857143
"U/N Reef (14-056)",0,13,0.0142178608936851,0.0816326530612245,0
"U/N Reef (14-075)",0,8,0.0194444444444444,0.155555555555556,0
"U/N Reef (14-132b)",1,6,0.636771191544753,3.74418604651163,0.0119047619047619
"U/N Reef (14-132c)",1,5,0.466666666666667,2.33333333333333,0
"U/N Reef (14-133)",1,8,0.803272575883183,5.78333333333333,0.0340056285178236
"U/N Reef (14-145)",1,4,0.31486568986569,1.07692307692308,0.0912698412698413
"U/N Reef (14-149)",1,4,0.165472233971841,0.631578947368421,0.0151549942594719
"U/N Reef (14-150)",1,2,0.368421052631579,0.736842105263158,0.368421052631579
"U/N Reef (14-163)",1,1,11.2666666666667,11.2666666666667,11.2666666666667
"U/N Reef (15-017b)",1,1,0.375,0.375,0.375
"U/N Reef (15-017c)",1,1,0.655172413793103,0.655172413793103,0.655172413793103
"U/N Reef (15-022)",1,4,0.764785289115646,2.96666666666667,0.0462372448979592
"U/N Reef (15-034)",0,8,0,0,0
"U/N Reef (15-044)",1,1,6.67647058823529,6.67647058823529,6.67647058823529
"U/N Reef (15-047)",1,13,0.216493540317722,2.1,0.0434782608695652
"U/N Reef (15-048)",1,2,0.181818181818182,0.363636363636364,0.181818181818182
"U/N Reef (15-049)",1,3,0.796850158982512,2.26470588235294,0.0945945945945946
"U/N Reef (15-071a)",1,2,0.394230769230769,0.75,0.394230769230769
"U/N Reef (15-071b)",1,1,0.294117647058824,0.294117647058824,0.294117647058824
"U/N Reef (15-076)",1,1,0.571428571428571,0.571428571428571,0.571428571428571
"U/N Reef (15-077)",1,12,0.526002280376289,3.58571428571429,0.0128205128205128
"U/N Reef (16-013a)",0,9,0,0,0
"U/N Reef (16-013b)",0,9,0,0,0
"U/N Reef (16-013c)",1,9,0.101851851851852,0.666666666666667,0
"U/N Reef (16-027)",0,8,0.0125,0.1,0
"U/N Reef (17-060)",1,2,0.916666666666667,1.33333333333333,0.916666666666667
"U/N Reef (17-061)",1,2,0.242222222222222,0.306666666666667,0.242222222222222
"U/N Reef (18-021)",1,1,3.23076923076923,3.23076923076923,3.23076923076923
"U/N Reef (18-023)",1,9,9.87321667018062,85.8333333333333,0
"U/N Reef (19-040)",1,1,0.285714285714286,0.285714285714286,0.285714285714286
"U/N Reef (19-131a)",0,24,0.000293427230046948,0.00704225352112676,0
"U/N Reef (19-138)",1,28,0.0203338967016993,0.517241379310345,0
"U/N Reef (20-104)",1,26,0.439931512189037,6.52173913043478,0
"U/N Reef (20-348)",0,9,0.00407747196738022,0.036697247706422,0
"U/N Reef (20-353)",0,9,0.012991452991453,0.0769230769230769,0
"U/N Reef (20-354)",0,10,0.0224608724608725,0.0952380952380952,0
"U/N Reef (21-060)",1,9,0.526269560594503,2.95652173913043,0
"U/N Reef (21-062)",1,8,0.395163206947406,1.71739130434783,0.151098901098901
"U/N Reef (21-064)",1,10,0.499397860593513,1.875,0.148695652173913
"U/N Reef (21-093)",1,1,0.264705882352941,0.264705882352941,0.264705882352941
"U/N Reef (21-139)",0,12,0.00178197064989518,0.0166666666666667,0
"U/N Reef (21-140)",0,8,0,0,0
"U/N Reef (21-155)",1,1,3.95652173913043,3.95652173913043,3.95652173913043
"U/N Reef (21-187)",1,12,0.168045101155305,0.642857142857143,0.0529891304347826
"U/N Reef (21-198)",1,1,5,5,5
"U/N Reef (21-245)",0,8,0.0170023842859728,0.0350877192982456,0.0170952659263589
"U/N Reef (21-465)",1,6,0.344125783606807,1.75799086757991,0.0661779324055666
"U/N Reef (21-499)",1,2,0.242383512544803,0.444444444444444,0.242383512544803
"U/N Reef (21-521)",1,2,0.5,1,0.5
"U/N Reef (21-529)",0,26,0,0,0
"U/N Reef (21-540)",1,2,0.258241758241758,0.285714285714286,0.258241758241758
"U/N Reef (21-550)",1,12,0.0444444444444444,0.533333333333333,0
"U/N Reef (21-551)",1,6,0.190311962453221,0.78757225433526,0.0622429278938974
"U/N Reef (21-555)",1,4,4.34775128658839,14.0188679245283,1.66281279695914
"U/N Reef (21-557)",1,7,2.7297619047619,13.8333333333333,1
"U/N Reef (21-558)",1,9,0.0887472992017577,0.358208955223881,0.0188679245283019
"U/N Reef (21-560)",1,2,2.47727272727273,4.95454545454545,2.47727272727273
"U/N Reef (21-585)",1,2,9.82352941176471,19.6470588235294,9.82352941176471
"U/N Reef (21-587)",1,1,21.8333333333333,21.8333333333333,21.8333333333333
"U/N Reef (21-590)",1,1,90.8421052631579,90.8421052631579,90.8421052631579
"U/N Reef (21-591)",1,10,0.0448275862068966,0.448275862068966,0
"U/N Reef (21-769)",1,1,1.11111111111111,1.11111111111111,1.11111111111111
"U/N Reef (22-084)",1,14,0.593348869481274,3.33766233766234,0
"U/N Reef (22-085)",1,5,2.72997222101022,13.453488372093,0.0256410256410256
"U/N Reef (22-087)",1,2,1.06593406593407,1.84615384615385,1.06593406593407
"U/N Reef (22-088a)",1,26,0.497550302290945,3.67434210526316,0
"U/N Reef (22-091)",1,1,15.65,15.65,15.65
"U/N Reef (22-092)",1,1,2.85185185185185,2.85185185185185,2.85185185185185
"U/N Reef (22-095)",1,1,5.41666666666667,5.41666666666667,5.41666666666667
"U/N Reef (22-097)",1,2,4.55555555555556,9.11111111111111,4.55555555555556
"U/N Reef (22-098)",1,3,4.03809523809524,9.31428571428571,2.8
"U/N Reef (22-101)",1,1,0.708333333333333,0.708333333333333,0.708333333333333
"U/N Reef (22-105)",1,1,6.625,6.625,6.625
"U/N Reef (22-106)",1,1,121.133333333333,121.133333333333,121.133333333333
"U/N Reef (22-110)",1,5,0.536111111111111,1.55555555555556,0.125
"U/N Reef (22-112)",1,7,1.01025641025641,3.30769230769231,0.230769230769231
"U/N Reef (22-113)",1,5,7.26015067862894,35.7916666666667,0.0434782608695652
"U/N Reef (22-114)",1,5,0.672587719298246,1.73684210526316,0.333333333333333
"U/N Reef (22-115)",1,2,6.05555555555556,12.1111111111111,6.05555555555556
"U/N Reef (22-117)",1,5,3.00719280719281,14.7142857142857,0.0909090909090909
"U/N Reef (22-118)",1,7,3.23020186335404,16.4375,0
"U/N Reef (22-119)",1,1,4.38095238095238,4.38095238095238,4.38095238095238
"U/N Reef (22-123)",1,4,1.96969696969697,7.87878787878788,0
"U/N Reef (22-125)",1,2,3.23333333333333,6.46666666666667,3.23333333333333
"U/N Reef (22-126)",1,2,1.75,3.5,1.75
"U/N Reef (22-127)",1,1,21,21,21
"U/N Reef (22-128)",1,3,4.43478260869565,13.304347826087,0
"U/N Reef (22-129)",1,3,1.08,3.24,0
"U/N Reef (22-132)",1,1,17,17,17
"U/N Reef (22-134)",1,3,1.49122807017544,4.47368421052632,0
"U/N Reef (22-136)",1,2,2.13157894736842,4.26315789473684,2.13157894736842
"U/N Reef (22-137)",1,2,1,2,1
"U/N Reef (22-138)",1,1,18.1428571428571,18.1428571428571,18.1428571428571
"U/N Reef (22-139)",1,4,2.00833333333333,8.03333333333333,0
"U/N Reef (22-142)",1,2,28.2083333333333,56.4166666666667,28.2083333333333
"U/N Reef (22-143)",1,9,1.85041694578676,11.2658227848101,0.0149253731343284
"U/N Reef (22-144)",1,10,0.803526821297625,6.76470588235294,0.110975609756098
"U/N Reef (22-147a)",1,4,2.47840073529412,7.53125,1.19117647058824
"Undine Reef (East) (16-020b)",0,8,0.0131628787878788,0.075,0
"Undine Reef (West) (16-020a)",1,15,0.0549442967969765,0.333333333333333,0
"Upolu Reef (16-046)",0,10,0.0296666666666667,0.133333333333333,0
"Vicki Harriott Reef (15-070)",1,4,0.226344086021505,0.89247311827957,0.00645161290322581
"Viper Reef (18-112)",0,16,0.012670647399421,0.111111111111111,0
"Vlasoff Reef (16-044b)",1,16,0.0788600470430108,1.21875,0
"Wade Reef (21-588)",1,12,0.106599954130916,1.01408450704225,0
"Walker Reef (18-026)",1,8,0.790730250337782,4.24137931034483,0.0328947368421053
"Wardle Reef (17-032)",1,22,0.0234176985108353,0.224137931034483,0
"Wheeler Reef (18-095)",1,25,0.658632271033325,9.40740740740741,0
"Williamson Reefs (15-039)",1,2,2.37654320987654,4.75308641975309,2.37654320987654
"Wilson Reef (22-086)",1,4,1.7677033492823,7.01818181818182,0.0263157894736842
"Wistari Reef (23-053)",0,8,0.000459558823529412,0.00367647058823529,0
"Wreck Island Reef (23-051)",0,23,0,0,0
"Yankee Reef (18-074)",1,8,0.917254576104234,4.17241379310345,0.125703564727955
"Yonge Reef (14-138)",0,27,0.000235904694503421,0.00636942675159236,0
